course,off_time,race_id,runner_name,matched_passport_name,match_tier,match_confidence,passport_available,reason,source_file
BEL,5.15,BEL_5.15,Beauvallon,,NO_PASSPORT_FOUND,,False,best fuzzy score 0.667 below 0.90 threshold,racecard_BEL_2026-07-04.json
BEL,5.15,BEL_5.15,Evangelic,Evangelic,EXACT_NAME_MATCH,1.0,True,case/whitespace-insensitive exact match,racecard_BEL_2026-07-04.json
BEL,5.15,BEL_5.15,Karlynn,,NO_PASSPORT_FOUND,,False,best fuzzy score 0.625 below 0.90 threshold,racecard_BEL_2026-07-04.json
BEL,5.15,BEL_5.15,Mino Des Mottes,,NO_PASSPORT_FOUND,,False,best fuzzy score 0.875 below 0.90 threshold,racecard_BEL_2026-07-04.json
BEL,5.15,BEL_5.15,Pebble Island,Pebble Island,EXACT_NAME_MATCH,1.0,True,case/whitespace-insensitive exact match,racecard_BEL_2026-07-04.json
BEL,5.15,BEL_5.15,Puppet Master,,NO_PASSPORT_FOUND,,False,best fuzzy score 0.833 below 0.90 threshold,racecard_BEL_2026-07-04.json
BEL,5.15,BEL_5.15,Tex Amare,Tex Amare,EXACT_NAME_MATCH,1.0,True,case/whitespace-insensitive exact match,racecard_BEL_2026-07-04.json
BEL,5.15,BEL_5.15,Yup Bro,,NO_PASSPORT_FOUND,,False,best fuzzy score 0.615 below 0.90 threshold,racecard_BEL_2026-07-04.json
BEL,5.48,BEL_5.48,Allroadsleadtorome,Allroadsleadtorome,EXACT_NAME_MATCH,1.0,True,case/whitespace-insensitive exact match,racecard_BEL_2026-07-04.json
BEL,5.48,BEL_5.48,Double Order,,NO_PASSPORT_FOUND,,False,best fuzzy score 0.818 below 0.90 threshold,racecard_BEL_2026-07-04.json
BEL,5.48,BEL_5.48,G N Jefferson,,NO_PASSPORT_FOUND,,False,best fuzzy score 0.538 below 0.90 threshold,racecard_BEL_2026-07-04.json
BEL,5.48,BEL_5.48,Getaway Tobin,Getaway Tobin,EXACT_NAME_MATCH,1.0,True,case/whitespace-insensitive exact match,racecard_BEL_2026-07-04.json
BEL,5.48,BEL_5.48,Highland Realm,,NO_PASSPORT_FOUND,,False,best fuzzy score 0.815 below 0.90 threshold,racecard_BEL_2026-07-04.json
BEL,5.48,BEL_5.48,Hopeful Hero,Hopeful Hero,EXACT_NAME_MATCH,1.0,True,case/whitespace-insensitive exact match,racecard_BEL_2026-07-04.json
BEL,5.48,BEL_5.48,Kasper Hauser,,NO_PASSPORT_FOUND,,False,best fuzzy score 0.667 below 0.90 threshold,racecard_BEL_2026-07-04.json
BEL,5.48,BEL_5.48,Laxxio,,NO_PASSPORT_FOUND,,False,best fuzzy score 0.615 below 0.90 threshold,racecard_BEL_2026-07-04.json
BEL,5.48,BEL_5.48,Loyal Touch,Loyal Touch,EXACT_NAME_MATCH,1.0,True,case/whitespace-insensitive exact match,racecard_BEL_2026-07-04.json
BEL,5.48,BEL_5.48,Matcho D'Agrostis,,NO_PASSPORT_FOUND,,False,best fuzzy score 0.552 below 0.90 threshold,racecard_BEL_2026-07-04.json
BEL,5.48,BEL_5.48,Million Dollar Man,,NO_PASSPORT_FOUND,,False,best fuzzy score 0.606 below 0.90 threshold,racecard_BEL_2026-07-04.json
BEL,5.48,BEL_5.48,Paymelater,,NO_PASSPORT_FOUND,,False,best fuzzy score 0.636 below 0.90 threshold,racecard_BEL_2026-07-04.json
BEL,5.48,BEL_5.48,Pepper Noir,Pepper Noir,EXACT_NAME_MATCH,1.0,True,case/whitespace-insensitive exact match,racecard_BEL_2026-07-04.json
BEL,5.48,BEL_5.48,Press The Button,Press The Button,EXACT_NAME_MATCH,1.0,True,case/whitespace-insensitive exact match,racecard_BEL_2026-07-04.json
BEL,5.48,BEL_5.48,Sunny Dude,Sunny Dude,EXACT_NAME_MATCH,1.0,True,case/whitespace-insensitive exact match,racecard_BEL_2026-07-04.json
BEL,5.48,BEL_5.48,The Flying Rambler,,NO_PASSPORT_FOUND,,False,best fuzzy score 0.727 below 0.90 threshold,racecard_BEL_2026-07-04.json
BEL,5.48,BEL_5.48,Wackestone,,NO_PASSPORT_FOUND,,False,best fuzzy score 0.700 below 0.90 threshold,racecard_BEL_2026-07-04.json
BEL,5.48,BEL_5.48,Whats New,Whats New,EXACT_NAME_MATCH,1.0,True,case/whitespace-insensitive exact match,racecard_BEL_2026-07-04.json
BEL,5.48,BEL_5.48,Willows Word,,NO_PASSPORT_FOUND,,False,best fuzzy score 0.870 below 0.90 threshold,racecard_BEL_2026-07-04.json
BEL,5.48,BEL_5.48,Xj G N Jefferson,,NO_PASSPORT_FOUND,,False,best fuzzy score 0.483 below 0.90 threshold,racecard_BEL_2026-07-04.json
BEL,6.18,BEL_6.18,Barbizon,,NO_PASSPORT_FOUND,,False,best fuzzy score 0.632 below 0.90 threshold,racecard_BEL_2026-07-04.json
BEL,6.18,BEL_6.18,Becasse,Becasse,EXACT_NAME_MATCH,1.0,True,case/whitespace-insensitive exact match,racecard_BEL_2026-07-04.json
BEL,6.18,BEL_6.18,Come On The Lads,,NO_PASSPORT_FOUND,,False,best fuzzy score 0.645 below 0.90 threshold,racecard_BEL_2026-07-04.json
BEL,6.18,BEL_6.18,Fiver Friday,,NO_PASSPORT_FOUND,,False,best fuzzy score 0.667 below 0.90 threshold,racecard_BEL_2026-07-04.json
BEL,6.18,BEL_6.18,Ifiwerearichman,,NO_PASSPORT_FOUND,,False,best fuzzy score 0.583 below 0.90 threshold,racecard_BEL_2026-07-04.json
BEL,6.18,BEL_6.18,Lisnamult Lad,,NO_PASSPORT_FOUND,,False,best fuzzy score 0.640 below 0.90 threshold,racecard_BEL_2026-07-04.json
BEL,6.18,BEL_6.18,Minella Post,,NO_PASSPORT_FOUND,,False,best fuzzy score 0.750 below 0.90 threshold,racecard_BEL_2026-07-04.json
BEL,6.18,BEL_6.18,Paul'S Dream,Paul's Dream,EXACT_NAME_MATCH,1.0,True,case/whitespace-insensitive exact match,racecard_BEL_2026-07-04.json
BEL,6.18,BEL_6.18,Playtime,Playtime,EXACT_NAME_MATCH,1.0,True,case/whitespace-insensitive exact match,racecard_BEL_2026-07-04.json
BEL,6.18,BEL_6.18,Putapoundinthejar,Putapoundinthejar,EXACT_NAME_MATCH,1.0,True,case/whitespace-insensitive exact match,racecard_BEL_2026-07-04.json
BEL,6.18,BEL_6.18,Spy,Spy,EXACT_NAME_MATCH,1.0,True,case/whitespace-insensitive exact match,racecard_BEL_2026-07-04.json
BEL,6.18,BEL_6.18,Stuntman Steve,Stuntman Steve,EXACT_NAME_MATCH,1.0,True,case/whitespace-insensitive exact match,racecard_BEL_2026-07-04.json
BEL,6.48,BEL_6.48,Ardeen Joy,,NO_PASSPORT_FOUND,,False,best fuzzy score 0.667 below 0.90 threshold,racecard_BEL_2026-07-04.json
BEL,6.48,BEL_6.48,Bold Reflection,,NO_PASSPORT_FOUND,,False,best fuzzy score 0.727 below 0.90 threshold,racecard_BEL_2026-07-04.json
BEL,6.48,BEL_6.48,Chisel Hill,,NO_PASSPORT_FOUND,,False,best fuzzy score 0.727 below 0.90 threshold,racecard_BEL_2026-07-04.json
BEL,6.48,BEL_6.48,Everyday Life,,NO_PASSPORT_FOUND,,False,best fuzzy score 0.600 below 0.90 threshold,racecard_BEL_2026-07-04.json
BEL,6.48,BEL_6.48,Giorgia Rose,Giorgia Rose,EXACT_NAME_MATCH,1.0,True,case/whitespace-insensitive exact match,racecard_BEL_2026-07-04.json
BEL,6.48,BEL_6.48,Glendaars Crystal,,NO_PASSPORT_FOUND,,False,best fuzzy score 0.667 below 0.90 threshold,racecard_BEL_2026-07-04.json
BEL,6.48,BEL_6.48,How'S Ellie,,NO_PASSPORT_FOUND,,False,best fuzzy score 0.625 below 0.90 threshold,racecard_BEL_2026-07-04.json
BEL,6.48,BEL_6.48,Idaho Expresso,,NO_PASSPORT_FOUND,,False,best fuzzy score 0.714 below 0.90 threshold,racecard_BEL_2026-07-04.json
BEL,6.48,BEL_6.48,Jet To Glory,,NO_PASSPORT_FOUND,,False,best fuzzy score 0.667 below 0.90 threshold,racecard_BEL_2026-07-04.json
BEL,6.48,BEL_6.48,Jo'S Secret,,NO_PASSPORT_FOUND,,False,best fuzzy score 0.762 below 0.90 threshold,racecard_BEL_2026-07-04.json
BEL,6.48,BEL_6.48,Prophetess Miriam,,NO_PASSPORT_FOUND,,False,best fuzzy score 0.600 below 0.90 threshold,racecard_BEL_2026-07-04.json
BEL,6.48,BEL_6.48,Red Acres Georgie,,NO_PASSPORT_FOUND,,False,best fuzzy score 0.714 below 0.90 threshold,racecard_BEL_2026-07-04.json
BEL,6.48,BEL_6.48,Riverwoods,,NO_PASSPORT_FOUND,,False,best fuzzy score 0.632 below 0.90 threshold,racecard_BEL_2026-07-04.json
BEL,6.48,BEL_6.48,Santa Paula,,NO_PASSPORT_FOUND,,False,best fuzzy score 0.700 below 0.90 threshold,racecard_BEL_2026-07-04.json
BEL,6.48,BEL_6.48,She'S All Talk Sir,,NO_PASSPORT_FOUND,,False,best fuzzy score 0.645 below 0.90 threshold,racecard_BEL_2026-07-04.json
BEL,6.48,BEL_6.48,Sonna Lady,Sonna Lady,EXACT_NAME_MATCH,1.0,True,case/whitespace-insensitive exact match,racecard_BEL_2026-07-04.json
BEL,6.48,BEL_6.48,Star Of Idaho,,NO_PASSPORT_FOUND,,False,best fuzzy score 0.720 below 0.90 threshold,racecard_BEL_2026-07-04.json
BEL,6.48,BEL_6.48,Uno Me I Like My T,,NO_PASSPORT_FOUND,,False,best fuzzy score 0.562 below 0.90 threshold,racecard_BEL_2026-07-04.json
BEL,6.48,BEL_6.48,Western Shores,,NO_PASSPORT_FOUND,,False,best fuzzy score 0.786 below 0.90 threshold,racecard_BEL_2026-07-04.json
BEL,7.18,BEL_7.18,Agent Tequila,,NO_PASSPORT_FOUND,,False,best fuzzy score 0.692 below 0.90 threshold,racecard_BEL_2026-07-04.json
BEL,7.18,BEL_7.18,Ballinagaine Girl,,NO_PASSPORT_FOUND,,False,best fuzzy score 0.667 below 0.90 threshold,racecard_BEL_2026-07-04.json
BEL,7.18,BEL_7.18,Clever Court,Clever Court,EXACT_NAME_MATCH,1.0,True,case/whitespace-insensitive exact match,racecard_BEL_2026-07-04.json
BEL,7.18,BEL_7.18,Clone Cross,Clone Cross,EXACT_NAME_MATCH,1.0,True,case/whitespace-insensitive exact match,racecard_BEL_2026-07-04.json
BEL,7.18,BEL_7.18,Codger'S Rock,,NO_PASSPORT_FOUND,,False,best fuzzy score 0.727 below 0.90 threshold,racecard_BEL_2026-07-04.json
BEL,7.18,BEL_7.18,Granlahan,,NO_PASSPORT_FOUND,,False,best fuzzy score 0.667 below 0.90 threshold,racecard_BEL_2026-07-04.json
BEL,7.18,BEL_7.18,Hitthehayson,,NO_PASSPORT_FOUND,,False,best fuzzy score 0.696 below 0.90 threshold,racecard_BEL_2026-07-04.json
BEL,7.18,BEL_7.18,Hurricane Honey,Hurricane Honey,EXACT_NAME_MATCH,1.0,True,case/whitespace-insensitive exact match,racecard_BEL_2026-07-04.json
BEL,7.18,BEL_7.18,Lost Features,,NO_PASSPORT_FOUND,,False,best fuzzy score 0.583 below 0.90 threshold,racecard_BEL_2026-07-04.json
BEL,7.18,BEL_7.18,My Policy,,NO_PASSPORT_FOUND,,False,best fuzzy score 0.636 below 0.90 threshold,racecard_BEL_2026-07-04.json
BEL,7.18,BEL_7.18,Pourquoi Poi,,NO_PASSPORT_FOUND,,False,best fuzzy score 0.636 below 0.90 threshold,racecard_BEL_2026-07-04.json
BEL,7.18,BEL_7.18,Riyami,Riyami,EXACT_NAME_MATCH,1.0,True,case/whitespace-insensitive exact match,racecard_BEL_2026-07-04.json
BEL,7.18,BEL_7.18,Soldier Saint,Soldier Saint,EXACT_NAME_MATCH,1.0,True,case/whitespace-insensitive exact match,racecard_BEL_2026-07-04.json
BEL,7.18,BEL_7.18,Whiskey Serenade,,NO_PASSPORT_FOUND,,False,best fuzzy score 0.714 below 0.90 threshold,racecard_BEL_2026-07-04.json
BEL,7.48,BEL_7.48,Accustomed,,NO_PASSPORT_FOUND,,False,best fuzzy score 0.667 below 0.90 threshold,racecard_BEL_2026-07-04.json
BEL,7.48,BEL_7.48,Broken Ice,,NO_PASSPORT_FOUND,,False,best fuzzy score 0.625 below 0.90 threshold,racecard_BEL_2026-07-04.json
BEL,7.48,BEL_7.48,Burning Ability,,NO_PASSPORT_FOUND,,False,best fuzzy score 0.690 below 0.90 threshold,racecard_BEL_2026-07-04.json
BEL,7.48,BEL_7.48,Jisco Du Brem,Jisco Du Brem,EXACT_NAME_MATCH,1.0,True,case/whitespace-insensitive exact match,racecard_BEL_2026-07-04.json
BEL,7.48,BEL_7.48,Justatan,,NO_PASSPORT_FOUND,,False,best fuzzy score 0.667 below 0.90 threshold,racecard_BEL_2026-07-04.json
BEL,7.48,BEL_7.48,Le Kap,,NO_PASSPORT_FOUND,,False,best fuzzy score 0.571 below 0.90 threshold,racecard_BEL_2026-07-04.json
BEL,7.48,BEL_7.48,Lisnagar Fortune,Lisnagar Fortune,EXACT_NAME_MATCH,1.0,True,case/whitespace-insensitive exact match,racecard_BEL_2026-07-04.json
BEL,7.48,BEL_7.48,Mavetherave,,NO_PASSPORT_FOUND,,False,best fuzzy score 0.640 below 0.90 threshold,racecard_BEL_2026-07-04.json
BEL,7.48,BEL_7.48,Mephisto,Mephisto,EXACT_NAME_MATCH,1.0,True,case/whitespace-insensitive exact match,racecard_BEL_2026-07-04.json
BEL,7.48,BEL_7.48,Midnight Moonshine,,NO_PASSPORT_FOUND,,False,best fuzzy score 0.750 below 0.90 threshold,racecard_BEL_2026-07-04.json
BEL,7.48,BEL_7.48,Ottoman Style,,NO_PASSPORT_FOUND,,False,best fuzzy score 0.700 below 0.90 threshold,racecard_BEL_2026-07-04.json
BEL,7.48,BEL_7.48,Outside The Door,,NO_PASSPORT_FOUND,,False,best fuzzy score 0.645 below 0.90 threshold,racecard_BEL_2026-07-04.json
BEL,7.48,BEL_7.48,Radar Ahead,,NO_PASSPORT_FOUND,,False,best fuzzy score 0.800 below 0.90 threshold,racecard_BEL_2026-07-04.json
BEL,7.48,BEL_7.48,Tolka Row,,NO_PASSPORT_FOUND,,False,best fuzzy score 0.625 below 0.90 threshold,racecard_BEL_2026-07-04.json
BEL,7.48,BEL_7.48,Whatsavailable,,NO_PASSPORT_FOUND,,False,best fuzzy score 0.640 below 0.90 threshold,racecard_BEL_2026-07-04.json
BEL,8.18,BEL_8.18,Begorrah Boy,,NO_PASSPORT_FOUND,,False,best fuzzy score 0.667 below 0.90 threshold,racecard_BEL_2026-07-04.json
BEL,8.18,BEL_8.18,Caman Hill,Caman Hill,EXACT_NAME_MATCH,1.0,True,case/whitespace-insensitive exact match,racecard_BEL_2026-07-04.json
BEL,8.18,BEL_8.18,Dee Bee Zed,,NO_PASSPORT_FOUND,,False,best fuzzy score 0.609 below 0.90 threshold,racecard_BEL_2026-07-04.json
BEL,8.18,BEL_8.18,Fortysixnchange,,NO_PASSPORT_FOUND,,False,best fuzzy score 0.583 below 0.90 threshold,racecard_BEL_2026-07-04.json
BEL,8.18,BEL_8.18,Go Loud,,NO_PASSPORT_FOUND,,False,best fuzzy score 0.600 below 0.90 threshold,racecard_BEL_2026-07-04.json
BEL,8.18,BEL_8.18,Hot Rock Harry,,NO_PASSPORT_FOUND,,False,best fuzzy score 0.621 below 0.90 threshold,racecard_BEL_2026-07-04.json
BEL,8.18,BEL_8.18,I Give Theorders,,NO_PASSPORT_FOUND,,False,best fuzzy score 0.667 below 0.90 threshold,racecard_BEL_2026-07-04.json
BEL,8.18,BEL_8.18,Kingside Lady,,NO_PASSPORT_FOUND,,False,best fuzzy score 0.640 below 0.90 threshold,racecard_BEL_2026-07-04.json
BEL,8.18,BEL_8.18,Mila Ballerina,,NO_PASSPORT_FOUND,,False,best fuzzy score 0.688 below 0.90 threshold,racecard_BEL_2026-07-04.json
BEL,8.18,BEL_8.18,Mr Enigma,,NO_PASSPORT_FOUND,,False,best fuzzy score 0.625 below 0.90 threshold,racecard_BEL_2026-07-04.json
BEL,8.18,BEL_8.18,Pamelaisbrass,,NO_PASSPORT_FOUND,,False,best fuzzy score 0.632 below 0.90 threshold,racecard_BEL_2026-07-04.json
BEL,8.18,BEL_8.18,Rokanako,Rokanako,EXACT_NAME_MATCH,1.0,True,case/whitespace-insensitive exact match,racecard_BEL_2026-07-04.json
BEL,8.18,BEL_8.18,Silk Buds,,NO_PASSPORT_FOUND,,False,best fuzzy score 0.632 below 0.90 threshold,racecard_BEL_2026-07-04.json
BEL,8.18,BEL_8.18,Sir Vinny,,NO_PASSPORT_FOUND,,False,best fuzzy score 0.667 below 0.90 threshold,racecard_BEL_2026-07-04.json
BEL,8.18,BEL_8.18,Woodie Wiley,,NO_PASSPORT_FOUND,,False,best fuzzy score 0.615 below 0.90 threshold,racecard_BEL_2026-07-04.json
BEL,8.18,BEL_8.18,Yanure,,NO_PASSPORT_FOUND,,False,best fuzzy score 0.714 below 0.90 threshold,racecard_BEL_2026-07-04.json
BEV,2.17,BEV_2.17,Autumn Jewel,,NO_PASSPORT_FOUND,,False,best fuzzy score 0.750 below 0.90 threshold,racecard_BEV_2026-07-04.json
BEV,2.17,BEV_2.17,Battle Fever,Battle Fever,EXACT_NAME_MATCH,1.0,True,case/whitespace-insensitive exact match,racecard_BEV_2026-07-04.json
BEV,2.17,BEV_2.17,Desert Move,,NO_PASSPORT_FOUND,,False,best fuzzy score 0.762 below 0.90 threshold,racecard_BEV_2026-07-04.json
BEV,2.17,BEV_2.17,Enemy Action,,NO_PASSPORT_FOUND,,False,best fuzzy score 0.720 below 0.90 threshold,racecard_BEV_2026-07-04.json
BEV,2.17,BEV_2.17,Inca Warrior,,NO_PASSPORT_FOUND,,False,best fuzzy score 0.815 below 0.90 threshold,racecard_BEV_2026-07-04.json
BEV,2.17,BEV_2.17,Nightbloom,,NO_PASSPORT_FOUND,,False,best fuzzy score 0.667 below 0.90 threshold,racecard_BEV_2026-07-04.json
BEV,2.17,BEV_2.17,Palm Reader,,NO_PASSPORT_FOUND,,False,best fuzzy score 0.667 below 0.90 threshold,racecard_BEV_2026-07-04.json
BEV,2.17,BEV_2.17,Up The Stakes,,NO_PASSPORT_FOUND,,False,best fuzzy score 0.759 below 0.90 threshold,racecard_BEV_2026-07-04.json
BEV,2.17,BEV_2.17,Viking Barbie,,NO_PASSPORT_FOUND,,False,best fuzzy score 0.696 below 0.90 threshold,racecard_BEV_2026-07-04.json
BEV,2.17,BEV_2.17,Waiting For Archie,,NO_PASSPORT_FOUND,,False,best fuzzy score 0.667 below 0.90 threshold,racecard_BEV_2026-07-04.json
BEV,2.52,BEV_2.52,Asander,,NO_PASSPORT_FOUND,,False,best fuzzy score 0.750 below 0.90 threshold,racecard_BEV_2026-07-04.json
BEV,2.52,BEV_2.52,Astral Calling,Astral Calling,EXACT_NAME_MATCH,1.0,True,case/whitespace-insensitive exact match,racecard_BEV_2026-07-04.json
BEV,2.52,BEV_2.52,Happy Love,,NO_PASSPORT_FOUND,,False,best fuzzy score 0.667 below 0.90 threshold,racecard_BEV_2026-07-04.json
BEV,2.52,BEV_2.52,High Hazard,High Hazard,EXACT_NAME_MATCH,1.0,True,case/whitespace-insensitive exact match,racecard_BEV_2026-07-04.json
BEV,2.52,BEV_2.52,Rosberg,Rosberg,EXACT_NAME_MATCH,1.0,True,case/whitespace-insensitive exact match,racecard_BEV_2026-07-04.json
BEV,2.52,BEV_2.52,Under Arrest,Under Arrest,EXACT_NAME_MATCH,1.0,True,case/whitespace-insensitive exact match,racecard_BEV_2026-07-04.json
BEV,3.24,BEV_3.24,Amantha,Amantha,EXACT_NAME_MATCH,1.0,True,case/whitespace-insensitive exact match,racecard_BEV_2026-07-04.json
BEV,3.24,BEV_3.24,Emerald Bay,Emerald Bay,EXACT_NAME_MATCH,1.0,True,case/whitespace-insensitive exact match,racecard_BEV_2026-07-04.json
BEV,3.24,BEV_3.24,Happy Humpo,Happy Humpo,EXACT_NAME_MATCH,1.0,True,case/whitespace-insensitive exact match,racecard_BEV_2026-07-04.json
BEV,3.24,BEV_3.24,Tiger In The Tree,,NO_PASSPORT_FOUND,,False,best fuzzy score 0.688 below 0.90 threshold,racecard_BEV_2026-07-04.json
BEV,4.02,BEV_4.02,Al Aasy,,NO_PASSPORT_FOUND,,False,best fuzzy score 0.800 below 0.90 threshold,racecard_BEV_2026-07-04.json
BEV,4.02,BEV_4.02,By The Book,,NO_PASSPORT_FOUND,,False,best fuzzy score 0.720 below 0.90 threshold,racecard_BEV_2026-07-04.json
BEV,4.02,BEV_4.02,Involvement,Involvement,EXACT_NAME_MATCH,1.0,True,case/whitespace-insensitive exact match,racecard_BEV_2026-07-04.json
BEV,4.02,BEV_4.02,Percy'S Daydream,Percy's Daydream,EXACT_NAME_MATCH,1.0,True,case/whitespace-insensitive exact match,racecard_BEV_2026-07-04.json
BEV,4.02,BEV_4.02,Phantom Flight,,NO_PASSPORT_FOUND,,False,best fuzzy score 0.692 below 0.90 threshold,racecard_BEV_2026-07-04.json
BEV,4.35,BEV_4.35,Alessia Fernanda,Alessia Fernanda,EXACT_NAME_MATCH,1.0,True,case/whitespace-insensitive exact match,racecard_BEV_2026-07-04.json
BEV,4.35,BEV_4.35,Cancelled,,NO_PASSPORT_FOUND,,False,best fuzzy score 0.737 below 0.90 threshold,racecard_BEV_2026-07-04.json
BEV,4.35,BEV_4.35,Come On Eibhlin,Come On Eibhlin,EXACT_NAME_MATCH,1.0,True,case/whitespace-insensitive exact match,racecard_BEV_2026-07-04.json
BEV,4.35,BEV_4.35,Lexington Express,Lexington Express,EXACT_NAME_MATCH,1.0,True,case/whitespace-insensitive exact match,racecard_BEV_2026-07-04.json
BEV,4.35,BEV_4.35,Ma Leila,Ma Leila,EXACT_NAME_MATCH,1.0,True,case/whitespace-insensitive exact match,racecard_BEV_2026-07-04.json
BEV,4.35,BEV_4.35,Porth Eilian,Porth Eilian,EXACT_NAME_MATCH,1.0,True,case/whitespace-insensitive exact match,racecard_BEV_2026-07-04.json
BEV,4.35,BEV_4.35,Sandy Craic,Sandy Craic,EXACT_NAME_MATCH,1.0,True,case/whitespace-insensitive exact match,racecard_BEV_2026-07-04.json
BEV,4.35,BEV_4.35,Sogniamo,Sogniamo,EXACT_NAME_MATCH,1.0,True,case/whitespace-insensitive exact match,racecard_BEV_2026-07-04.json
BEV,4.35,BEV_4.35,Vitality,Vitality,EXACT_NAME_MATCH,1.0,True,case/whitespace-insensitive exact match,racecard_BEV_2026-07-04.json
BEV,5.10,BEV_5.10,Bajan Bandit,Bajan Bandit,EXACT_NAME_MATCH,1.0,True,case/whitespace-insensitive exact match,racecard_BEV_2026-07-04.json
BEV,5.10,BEV_5.10,Capital Guarantee,Capital Guarantee,EXACT_NAME_MATCH,1.0,True,case/whitespace-insensitive exact match,racecard_BEV_2026-07-04.json
BEV,5.10,BEV_5.10,Coolree,,NO_PASSPORT_FOUND,,False,best fuzzy score 0.667 below 0.90 threshold,racecard_BEV_2026-07-04.json
BEV,5.10,BEV_5.10,Degale,,NO_PASSPORT_FOUND,,False,best fuzzy score 0.769 below 0.90 threshold,racecard_BEV_2026-07-04.json
BEV,5.10,BEV_5.10,Glenfinnan,Glenfinnan,EXACT_NAME_MATCH,1.0,True,case/whitespace-insensitive exact match,racecard_BEV_2026-07-04.json
BEV,5.10,BEV_5.10,Highland Olly,Highland Olly,EXACT_NAME_MATCH,1.0,True,case/whitespace-insensitive exact match,racecard_BEV_2026-07-04.json
BEV,5.10,BEV_5.10,It Just Takes Time,It Just Takes Time,EXACT_NAME_MATCH,1.0,True,case/whitespace-insensitive exact match,racecard_BEV_2026-07-04.json
BEV,5.10,BEV_5.10,Tattie Bogle,Tattie Bogle,EXACT_NAME_MATCH,1.0,True,case/whitespace-insensitive exact match,racecard_BEV_2026-07-04.json
BEV,5.40,BEV_5.40,Battenburg Belle,Battenburg Belle,EXACT_NAME_MATCH,1.0,True,case/whitespace-insensitive exact match,racecard_BEV_2026-07-04.json
BEV,5.40,BEV_5.40,Forever Twenty,,NO_PASSPORT_FOUND,,False,best fuzzy score 0.741 below 0.90 threshold,racecard_BEV_2026-07-04.json
BEV,5.40,BEV_5.40,Hood Wink,Hood Wink,EXACT_NAME_MATCH,1.0,True,case/whitespace-insensitive exact match,racecard_BEV_2026-07-04.json
BEV,5.40,BEV_5.40,Maid On The Shelf,Maid On The Shelf,EXACT_NAME_MATCH,1.0,True,case/whitespace-insensitive exact match,racecard_BEV_2026-07-04.json
BEV,5.40,BEV_5.40,Truly Special,Truly Special,EXACT_NAME_MATCH,1.0,True,case/whitespace-insensitive exact match,racecard_BEV_2026-07-04.json
BEV,5.40,BEV_5.40,Walk On Walk On,Walk On Walk On,EXACT_NAME_MATCH,1.0,True,case/whitespace-insensitive exact match,racecard_BEV_2026-07-04.json
BEV,5.40,BEV_5.40,Zoulette,Zoulette,EXACT_NAME_MATCH,1.0,True,case/whitespace-insensitive exact match,racecard_BEV_2026-07-04.json
CRL,6.09,CRL_6.09,Bellasio,Bellasio,EXACT_NAME_MATCH,1.0,True,case/whitespace-insensitive exact match,racecard_CRL_2026-07-04.json
CRL,6.09,CRL_6.09,Eagles Dream,,NO_PASSPORT_FOUND,,False,best fuzzy score 0.818 below 0.90 threshold,racecard_CRL_2026-07-04.json
CRL,6.09,CRL_6.09,Financer,,NO_PASSPORT_FOUND,,False,best fuzzy score 0.706 below 0.90 threshold,racecard_CRL_2026-07-04.json
CRL,6.09,CRL_6.09,Hostility,Hostility,EXACT_NAME_MATCH,1.0,True,case/whitespace-insensitive exact match,racecard_CRL_2026-07-04.json
CRL,6.09,CRL_6.09,Izzari,Izzari,EXACT_NAME_MATCH,1.0,True,case/whitespace-insensitive exact match,racecard_CRL_2026-07-04.json
CRL,6.09,CRL_6.09,Jewel Maker,Jewel Maker,EXACT_NAME_MATCH,1.0,True,case/whitespace-insensitive exact match,racecard_CRL_2026-07-04.json
CRL,6.09,CRL_6.09,Kisiyra,Kisiyra,EXACT_NAME_MATCH,1.0,True,case/whitespace-insensitive exact match,racecard_CRL_2026-07-04.json
CRL,6.09,CRL_6.09,Krissy,Krissy,EXACT_NAME_MATCH,1.0,True,case/whitespace-insensitive exact match,racecard_CRL_2026-07-04.json
CRL,6.09,CRL_6.09,Mr Lincoln,Mr Lincoln,EXACT_NAME_MATCH,1.0,True,case/whitespace-insensitive exact match,racecard_CRL_2026-07-04.json
CRL,6.39,CRL_6.39,Can I Kiss You,,NO_PASSPORT_FOUND,,False,best fuzzy score 0.560 below 0.90 threshold,racecard_CRL_2026-07-04.json
CRL,6.39,CRL_6.39,Captain Pickles,,NO_PASSPORT_FOUND,,False,best fuzzy score 0.750 below 0.90 threshold,racecard_CRL_2026-07-04.json
CRL,6.39,CRL_6.39,Mertoun,Mertoun,EXACT_NAME_MATCH,1.0,True,case/whitespace-insensitive exact match,racecard_CRL_2026-07-04.json
CRL,6.39,CRL_6.39,Shoptilyoudrop,Shoptilyoudrop,EXACT_NAME_MATCH,1.0,True,case/whitespace-insensitive exact match,racecard_CRL_2026-07-04.json
CRL,6.39,CRL_6.39,Top Gun Tina,,NO_PASSPORT_FOUND,,False,best fuzzy score 0.600 below 0.90 threshold,racecard_CRL_2026-07-04.json
CRL,6.39,CRL_6.39,Wheres The Crumpet,Wheres The Crumpet,EXACT_NAME_MATCH,1.0,True,case/whitespace-insensitive exact match,racecard_CRL_2026-07-04.json
CRL,7.09,CRL_7.09,Barley,Barley,EXACT_NAME_MATCH,1.0,True,case/whitespace-insensitive exact match,racecard_CRL_2026-07-04.json
CRL,7.09,CRL_7.09,Benacre,Benacre,EXACT_NAME_MATCH,1.0,True,case/whitespace-insensitive exact match,racecard_CRL_2026-07-04.json
CRL,7.09,CRL_7.09,Bravo Zulu,Bravo Zulu,EXACT_NAME_MATCH,1.0,True,case/whitespace-insensitive exact match,racecard_CRL_2026-07-04.json
CRL,7.09,CRL_7.09,Calyxoh,Calyxoh,EXACT_NAME_MATCH,1.0,True,case/whitespace-insensitive exact match,racecard_CRL_2026-07-04.json
CRL,7.09,CRL_7.09,Inspired,Inspired,EXACT_NAME_MATCH,1.0,True,case/whitespace-insensitive exact match,racecard_CRL_2026-07-04.json
CRL,7.09,CRL_7.09,Jannas Journey,,NO_PASSPORT_FOUND,,False,best fuzzy score 0.741 below 0.90 threshold,racecard_CRL_2026-07-04.json
CRL,7.09,CRL_7.09,The Green Man,,NO_PASSPORT_FOUND,,False,best fuzzy score 0.815 below 0.90 threshold,racecard_CRL_2026-07-04.json
CRL,7.39,CRL_7.39,Alpine Sierra,Alpine Sierra,EXACT_NAME_MATCH,1.0,True,case/whitespace-insensitive exact match,racecard_CRL_2026-07-04.json
CRL,7.39,CRL_7.39,Covert Legend,,NO_PASSPORT_FOUND,,False,best fuzzy score 0.720 below 0.90 threshold,racecard_CRL_2026-07-04.json
CRL,7.39,CRL_7.39,Junkyard Dog,Junkyard Dog,EXACT_NAME_MATCH,1.0,True,case/whitespace-insensitive exact match,racecard_CRL_2026-07-04.json
CRL,7.39,CRL_7.39,Twelve,,NO_PASSPORT_FOUND,,False,best fuzzy score 0.857 below 0.90 threshold,racecard_CRL_2026-07-04.json
CRL,7.39,CRL_7.39,V Twelve,V Twelve,EXACT_NAME_MATCH,1.0,True,case/whitespace-insensitive exact match,racecard_CRL_2026-07-04.json
CRL,7.39,CRL_7.39,Valley Of Flowers,Valley Of Flowers,EXACT_NAME_MATCH,1.0,True,case/whitespace-insensitive exact match,racecard_CRL_2026-07-04.json
CRL,8.09,CRL_8.09,Animato,Animato,EXACT_NAME_MATCH,1.0,True,case/whitespace-insensitive exact match,racecard_CRL_2026-07-04.json
CRL,8.09,CRL_8.09,Arctic Fox,,NO_PASSPORT_FOUND,,False,best fuzzy score 0.696 below 0.90 threshold,racecard_CRL_2026-07-04.json
CRL,8.09,CRL_8.09,Cascade Hall,Cascade Hall,EXACT_NAME_MATCH,1.0,True,case/whitespace-insensitive exact match,racecard_CRL_2026-07-04.json
CRL,8.09,CRL_8.09,Laravie,Laravie,EXACT_NAME_MATCH,1.0,True,case/whitespace-insensitive exact match,racecard_CRL_2026-07-04.json
CRL,8.09,CRL_8.09,Rupert The Prince,Rupert The Prince,EXACT_NAME_MATCH,1.0,True,case/whitespace-insensitive exact match,racecard_CRL_2026-07-04.json
CRL,8.09,CRL_8.09,Tarbat Ness,Tarbat Ness,EXACT_NAME_MATCH,1.0,True,case/whitespace-insensitive exact match,racecard_CRL_2026-07-04.json
CRL,8.39,CRL_8.39,Another Investment,Another Investment,EXACT_NAME_MATCH,1.0,True,case/whitespace-insensitive exact match,racecard_CRL_2026-07-04.json
CRL,8.39,CRL_8.39,Fan Mail,Fan Mail,EXACT_NAME_MATCH,1.0,True,case/whitespace-insensitive exact match,racecard_CRL_2026-07-04.json
CRL,8.39,CRL_8.39,Invincible Ruby,Invincible Ruby,EXACT_NAME_MATCH,1.0,True,case/whitespace-insensitive exact match,racecard_CRL_2026-07-04.json
CRL,8.39,CRL_8.39,Lumenbourg,Lumenbourg,EXACT_NAME_MATCH,1.0,True,case/whitespace-insensitive exact match,racecard_CRL_2026-07-04.json
CRL,8.39,CRL_8.39,Maui Breeze,,NO_PASSPORT_FOUND,,False,best fuzzy score 0.762 below 0.90 threshold,racecard_CRL_2026-07-04.json
CRL,8.39,CRL_8.39,Sherlock,Sherlock,EXACT_NAME_MATCH,1.0,True,case/whitespace-insensitive exact match,racecard_CRL_2026-07-04.json
CRL,8.39,CRL_8.39,Thistle Nil,,NO_PASSPORT_FOUND,,False,best fuzzy score 0.667 below 0.90 threshold,racecard_CRL_2026-07-04.json
CRL,8.39,CRL_8.39,Too Much,Too Much,EXACT_NAME_MATCH,1.0,True,case/whitespace-insensitive exact match,racecard_CRL_2026-07-04.json
LEI,2.11,LEI_2.11,Beach Ahead,Beach Ahead,EXACT_NAME_MATCH,1.0,True,case/whitespace-insensitive exact match,racecard_LEI_2026-07-04.json
LEI,2.11,LEI_2.11,Champagne Charlee,,NO_PASSPORT_FOUND,,False,best fuzzy score 0.606 below 0.90 threshold,racecard_LEI_2026-07-04.json
LEI,2.11,LEI_2.11,Dream On Kent,Dream On Kent,EXACT_NAME_MATCH,1.0,True,case/whitespace-insensitive exact match,racecard_LEI_2026-07-04.json
LEI,2.11,LEI_2.11,Havana Gift,Havana Gift,EXACT_NAME_MATCH,1.0,True,case/whitespace-insensitive exact match,racecard_LEI_2026-07-04.json
LEI,2.11,LEI_2.11,Little Mester,,NO_PASSPORT_FOUND,,False,best fuzzy score 0.880 below 0.90 threshold,racecard_LEI_2026-07-04.json
LEI,2.11,LEI_2.11,South West,South West,EXACT_NAME_MATCH,1.0,True,case/whitespace-insensitive exact match,racecard_LEI_2026-07-04.json
LEI,2.11,LEI_2.11,Tamam Star,Tamam Star,EXACT_NAME_MATCH,1.0,True,case/whitespace-insensitive exact match,racecard_LEI_2026-07-04.json
LEI,2.11,LEI_2.11,Vinery,,NO_PASSPORT_FOUND,,False,best fuzzy score 0.667 below 0.90 threshold,racecard_LEI_2026-07-04.json
LEI,2.11,LEI_2.11,Yankeedoodledandy,,NO_PASSPORT_FOUND,,False,best fuzzy score 0.516 below 0.90 threshold,racecard_LEI_2026-07-04.json
LEI,2.46,LEI_2.46,Anyasi,,NO_PASSPORT_FOUND,,False,best fuzzy score 0.667 below 0.90 threshold,racecard_LEI_2026-07-04.json
LEI,2.46,LEI_2.46,Baby G,,NO_PASSPORT_FOUND,,False,best fuzzy score 0.625 below 0.90 threshold,racecard_LEI_2026-07-04.json
LEI,2.46,LEI_2.46,Bucklow Hill,Bucklow Hill,EXACT_NAME_MATCH,1.0,True,case/whitespace-insensitive exact match,racecard_LEI_2026-07-04.json
LEI,2.46,LEI_2.46,Material Girl,Material Girl,EXACT_NAME_MATCH,1.0,True,case/whitespace-insensitive exact match,racecard_LEI_2026-07-04.json
LEI,2.46,LEI_2.46,Red Legs,Red Legs,EXACT_NAME_MATCH,1.0,True,case/whitespace-insensitive exact match,racecard_LEI_2026-07-04.json
LEI,2.46,LEI_2.46,Retro Rocket,Retro Rocket,EXACT_NAME_MATCH,1.0,True,case/whitespace-insensitive exact match,racecard_LEI_2026-07-04.json
LEI,2.46,LEI_2.46,Two Commanders,Two Commanders,EXACT_NAME_MATCH,1.0,True,case/whitespace-insensitive exact match,racecard_LEI_2026-07-04.json
LEI,3.20,LEI_3.20,A Daughters Love,A Daughters Love,EXACT_NAME_MATCH,1.0,True,case/whitespace-insensitive exact match,racecard_LEI_2026-07-04.json
LEI,3.20,LEI_3.20,Arc At Her,Arc At Her,EXACT_NAME_MATCH,1.0,True,case/whitespace-insensitive exact match,racecard_LEI_2026-07-04.json
LEI,3.20,LEI_3.20,Bel Air Flyer,,NO_PASSPORT_FOUND,,False,best fuzzy score 0.640 below 0.90 threshold,racecard_LEI_2026-07-04.json
LEI,3.20,LEI_3.20,Beryl'S Girl,Beryl's Girl,EXACT_NAME_MATCH,1.0,True,case/whitespace-insensitive exact match,racecard_LEI_2026-07-04.json
LEI,3.20,LEI_3.20,Charencey,Charencey,EXACT_NAME_MATCH,1.0,True,case/whitespace-insensitive exact match,racecard_LEI_2026-07-04.json
LEI,3.20,LEI_3.20,City Escape,City Escape,EXACT_NAME_MATCH,1.0,True,case/whitespace-insensitive exact match,racecard_LEI_2026-07-04.json
LEI,3.20,LEI_3.20,Daughters Love,A Daughters Love,NORMALIZED_NAME_MATCH,0.96,True,matched after stripping a leading article (A/The) — explainable RP formatting difference,racecard_LEI_2026-07-04.json
LEI,3.20,LEI_3.20,Hachiman,Hachiman,EXACT_NAME_MATCH,1.0,True,case/whitespace-insensitive exact match,racecard_LEI_2026-07-04.json
LEI,3.20,LEI_3.20,Kameel,,NO_PASSPORT_FOUND,,False,best fuzzy score 0.714 below 0.90 threshold,racecard_LEI_2026-07-04.json
LEI,3.56,LEI_3.56,Amelia'S Joy,Amelia's Joy,EXACT_NAME_MATCH,1.0,True,case/whitespace-insensitive exact match,racecard_LEI_2026-07-04.json
LEI,3.56,LEI_3.56,Carefree Dream,Carefree Dream,EXACT_NAME_MATCH,1.0,True,case/whitespace-insensitive exact match,racecard_LEI_2026-07-04.json
LEI,3.56,LEI_3.56,Dolo'S Star,,NO_PASSPORT_FOUND,,False,best fuzzy score 0.762 below 0.90 threshold,racecard_LEI_2026-07-04.json
LEI,3.56,LEI_3.56,Grand Citadel,Grand Citadel,EXACT_NAME_MATCH,1.0,True,case/whitespace-insensitive exact match,racecard_LEI_2026-07-04.json
LEI,3.56,LEI_3.56,Guernsey Angel,,NO_PASSPORT_FOUND,,False,best fuzzy score 0.750 below 0.90 threshold,racecard_LEI_2026-07-04.json
LEI,3.56,LEI_3.56,May Encounter,May Encounter,EXACT_NAME_MATCH,1.0,True,case/whitespace-insensitive exact match,racecard_LEI_2026-07-04.json
LEI,3.56,LEI_3.56,Q T Pie,,NO_PASSPORT_FOUND,,False,best fuzzy score 0.571 below 0.90 threshold,racecard_LEI_2026-07-04.json
LEI,3.56,LEI_3.56,Sierra Sue,,NO_PASSPORT_FOUND,,False,best fuzzy score 0.737 below 0.90 threshold,racecard_LEI_2026-07-04.json
LEI,3.56,LEI_3.56,Spacewoman,Spacewoman,EXACT_NAME_MATCH,1.0,True,case/whitespace-insensitive exact match,racecard_LEI_2026-07-04.json
LEI,4.30,LEI_4.30,Cashbox,Cashbox,EXACT_NAME_MATCH,1.0,True,case/whitespace-insensitive exact match,racecard_LEI_2026-07-04.json
LEI,4.30,LEI_4.30,Eduardo Calderon,,NO_PASSPORT_FOUND,,False,best fuzzy score 0.600 below 0.90 threshold,racecard_LEI_2026-07-04.json
LEI,4.30,LEI_4.30,Galileo Island,,NO_PASSPORT_FOUND,,False,best fuzzy score 0.769 below 0.90 threshold,racecard_LEI_2026-07-04.json
LEI,4.30,LEI_4.30,Loquella,Loquella,EXACT_NAME_MATCH,1.0,True,case/whitespace-insensitive exact match,racecard_LEI_2026-07-04.json
LEI,4.30,LEI_4.30,Mr Writer,Mr Writer,EXACT_NAME_MATCH,1.0,True,case/whitespace-insensitive exact match,racecard_LEI_2026-07-04.json
LEI,4.30,LEI_4.30,Pints In Peace,,NO_PASSPORT_FOUND,,False,best fuzzy score 0.690 below 0.90 threshold,racecard_LEI_2026-07-04.json
LEI,5.05,LEI_5.05,Aspire To Glory,,NO_PASSPORT_FOUND,,False,best fuzzy score 0.800 below 0.90 threshold,racecard_LEI_2026-07-04.json
LEI,5.05,LEI_5.05,Avispado,,NO_PASSPORT_FOUND,,False,best fuzzy score 0.625 below 0.90 threshold,racecard_LEI_2026-07-04.json
LEI,5.05,LEI_5.05,Leia Antilles,Leia Antilles,EXACT_NAME_MATCH,1.0,True,case/whitespace-insensitive exact match,racecard_LEI_2026-07-04.json
LEI,5.05,LEI_5.05,Little Ted,Little Ted,EXACT_NAME_MATCH,1.0,True,case/whitespace-insensitive exact match,racecard_LEI_2026-07-04.json
LEI,5.05,LEI_5.05,My Ambition,,NO_PASSPORT_FOUND,,False,best fuzzy score 0.727 below 0.90 threshold,racecard_LEI_2026-07-04.json
LEI,5.05,LEI_5.05,Palmarian,Palmarian,EXACT_NAME_MATCH,1.0,True,case/whitespace-insensitive exact match,racecard_LEI_2026-07-04.json
LEI,5.05,LEI_5.05,Sovereign Bright,Sovereign Bright,EXACT_NAME_MATCH,1.0,True,case/whitespace-insensitive exact match,racecard_LEI_2026-07-04.json
LEI,5.05,LEI_5.05,Stole My Heart,Stole My Heart,EXACT_NAME_MATCH,1.0,True,case/whitespace-insensitive exact match,racecard_LEI_2026-07-04.json
LEI,5.35,LEI_5.35,Bridget'S Baby,Bridget's Baby,EXACT_NAME_MATCH,1.0,True,case/whitespace-insensitive exact match,racecard_LEI_2026-07-04.json
LEI,5.35,LEI_5.35,Due Date,,NO_PASSPORT_FOUND,,False,best fuzzy score 0.632 below 0.90 threshold,racecard_LEI_2026-07-04.json
LEI,5.35,LEI_5.35,Elvetham,Elvetham,EXACT_NAME_MATCH,1.0,True,case/whitespace-insensitive exact match,racecard_LEI_2026-07-04.json
LEI,5.35,LEI_5.35,Great Success,,NO_PASSPORT_FOUND,,False,best fuzzy score 0.615 below 0.90 threshold,racecard_LEI_2026-07-04.json
LEI,5.35,LEI_5.35,Melissa Honey,Melissa Honey,EXACT_NAME_MATCH,1.0,True,case/whitespace-insensitive exact match,racecard_LEI_2026-07-04.json
LEI,5.35,LEI_5.35,Moonhall Lass,Moonhall Lass,EXACT_NAME_MATCH,1.0,True,case/whitespace-insensitive exact match,racecard_LEI_2026-07-04.json
LEI,5.35,LEI_5.35,Rianka,Rianka,EXACT_NAME_MATCH,1.0,True,case/whitespace-insensitive exact match,racecard_LEI_2026-07-04.json
NAA,1.22,NAA_1.22,Arizonaneargalway,,NO_PASSPORT_FOUND,,False,best fuzzy score 0.552 below 0.90 threshold,racecard_NAA_2026-07-04.json
NAA,1.22,NAA_1.22,Concorde Landed,,NO_PASSPORT_FOUND,,False,best fuzzy score 0.621 below 0.90 threshold,racecard_NAA_2026-07-04.json
NAA,1.22,NAA_1.22,Fly Smartly,,NO_PASSPORT_FOUND,,False,best fuzzy score 0.696 below 0.90 threshold,racecard_NAA_2026-07-04.json
NAA,1.22,NAA_1.22,My Irish Lady,,NO_PASSPORT_FOUND,,False,best fuzzy score 0.640 below 0.90 threshold,racecard_NAA_2026-07-04.json
NAA,1.22,NAA_1.22,Shi Yang,,NO_PASSPORT_FOUND,,False,best fuzzy score 0.706 below 0.90 threshold,racecard_NAA_2026-07-04.json
NAA,1.22,NAA_1.22,Snowing,Snowing,EXACT_NAME_MATCH,1.0,True,case/whitespace-insensitive exact match,racecard_NAA_2026-07-04.json
NAA,1.22,NAA_1.22,Southern Boulevard,,NO_PASSPORT_FOUND,,False,best fuzzy score 0.667 below 0.90 threshold,racecard_NAA_2026-07-04.json
NAA,1.22,NAA_1.22,Woodlawn Lily,,NO_PASSPORT_FOUND,,False,best fuzzy score 0.643 below 0.90 threshold,racecard_NAA_2026-07-04.json
NAA,1.57,NAA_1.57,Cardiff By The Sea,,NO_PASSPORT_FOUND,,False,best fuzzy score 0.667 below 0.90 threshold,racecard_NAA_2026-07-04.json
NAA,1.57,NAA_1.57,Howd'Yadoit,Howd'yadoit,EXACT_NAME_MATCH,1.0,True,case/whitespace-insensitive exact match,racecard_NAA_2026-07-04.json
NAA,1.57,NAA_1.57,Keke,,NO_PASSPORT_FOUND,,False,best fuzzy score 0.667 below 0.90 threshold,racecard_NAA_2026-07-04.json
NAA,1.57,NAA_1.57,Likedbymike,,NO_PASSPORT_FOUND,,False,best fuzzy score 0.526 below 0.90 threshold,racecard_NAA_2026-07-04.json
NAA,1.57,NAA_1.57,Xerling,,NO_PASSPORT_FOUND,,False,best fuzzy score 0.667 below 0.90 threshold,racecard_NAA_2026-07-04.json
NAA,2.33,NAA_2.33,Abletai,,NO_PASSPORT_FOUND,,False,best fuzzy score 0.750 below 0.90 threshold,racecard_NAA_2026-07-04.json
NAA,2.33,NAA_2.33,Arrowstock,,NO_PASSPORT_FOUND,,False,best fuzzy score 0.632 below 0.90 threshold,racecard_NAA_2026-07-04.json
NAA,2.33,NAA_2.33,Belle Island,Belle Island,EXACT_NAME_MATCH,1.0,True,case/whitespace-insensitive exact match,racecard_NAA_2026-07-04.json
NAA,2.33,NAA_2.33,Big Negotiator,Big Negotiator,EXACT_NAME_MATCH,1.0,True,case/whitespace-insensitive exact match,racecard_NAA_2026-07-04.json
NAA,2.33,NAA_2.33,Brazilian Diva,,NO_PASSPORT_FOUND,,False,best fuzzy score 0.714 below 0.90 threshold,racecard_NAA_2026-07-04.json
NAA,2.33,NAA_2.33,Carry The Flag,Carry The Flag,EXACT_NAME_MATCH,1.0,True,case/whitespace-insensitive exact match,racecard_NAA_2026-07-04.json
NAA,2.33,NAA_2.33,Celestial Crown,,NO_PASSPORT_FOUND,,False,best fuzzy score 0.857 below 0.90 threshold,racecard_NAA_2026-07-04.json
NAA,2.33,NAA_2.33,Hanney Boy,,NO_PASSPORT_FOUND,,False,best fuzzy score 0.706 below 0.90 threshold,racecard_NAA_2026-07-04.json
NAA,2.33,NAA_2.33,Matriarchal,Matriarchal,EXACT_NAME_MATCH,1.0,True,case/whitespace-insensitive exact match,racecard_NAA_2026-07-04.json
NAA,2.33,NAA_2.33,Rejoinder,,NO_PASSPORT_FOUND,,False,best fuzzy score 0.667 below 0.90 threshold,racecard_NAA_2026-07-04.json
NAA,3.08,NAA_3.08,Arctic Steps,Arctic Steps,EXACT_NAME_MATCH,1.0,True,case/whitespace-insensitive exact match,racecard_NAA_2026-07-04.json
NAA,3.08,NAA_3.08,Ardadslosttheplot,,NO_PASSPORT_FOUND,,False,best fuzzy score 0.600 below 0.90 threshold,racecard_NAA_2026-07-04.json
NAA,3.08,NAA_3.08,Bold Optimist,,NO_PASSPORT_FOUND,,False,best fuzzy score 0.667 below 0.90 threshold,racecard_NAA_2026-07-04.json
NAA,3.08,NAA_3.08,Jordan Breeze,,NO_PASSPORT_FOUND,,False,best fuzzy score 0.800 below 0.90 threshold,racecard_NAA_2026-07-04.json
NAA,3.08,NAA_3.08,Phil'S Dream,,NO_PASSPORT_FOUND,,False,best fuzzy score 0.818 below 0.90 threshold,racecard_NAA_2026-07-04.json
NAA,3.08,NAA_3.08,Sovereign Cry,Sovereign Cry,EXACT_NAME_MATCH,1.0,True,case/whitespace-insensitive exact match,racecard_NAA_2026-07-04.json
NAA,3.08,NAA_3.08,Tawaazon,Tawaazon,EXACT_NAME_MATCH,1.0,True,case/whitespace-insensitive exact match,racecard_NAA_2026-07-04.json
NAA,3.44,NAA_3.44,Cedrela,Cedrela,EXACT_NAME_MATCH,1.0,True,case/whitespace-insensitive exact match,racecard_NAA_2026-07-04.json
NAA,3.44,NAA_3.44,Dancing Destiny,Dancing Destiny,EXACT_NAME_MATCH,1.0,True,case/whitespace-insensitive exact match,racecard_NAA_2026-07-04.json
NAA,3.44,NAA_3.44,Florida Bay,Florida Bay,EXACT_NAME_MATCH,1.0,True,case/whitespace-insensitive exact match,racecard_NAA_2026-07-04.json
NAA,3.44,NAA_3.44,One Number,One Number,EXACT_NAME_MATCH,1.0,True,case/whitespace-insensitive exact match,racecard_NAA_2026-07-04.json
NAA,3.44,NAA_3.44,Ranting Duke,Ranting Duke,EXACT_NAME_MATCH,1.0,True,case/whitespace-insensitive exact match,racecard_NAA_2026-07-04.json
NAA,3.44,NAA_3.44,Sarah'S Choice,,NO_PASSPORT_FOUND,,False,best fuzzy score 0.800 below 0.90 threshold,racecard_NAA_2026-07-04.json
NAA,3.44,NAA_3.44,Tosca No Candis,Tosca No Candis,EXACT_NAME_MATCH,1.0,True,case/whitespace-insensitive exact match,racecard_NAA_2026-07-04.json
NAA,3.44,NAA_3.44,Wo Wo Never,,NO_PASSPORT_FOUND,,False,best fuzzy score 0.667 below 0.90 threshold,racecard_NAA_2026-07-04.json
NAA,4.18,NAA_4.18,Bofa Beach,Bofa Beach,EXACT_NAME_MATCH,1.0,True,case/whitespace-insensitive exact match,racecard_NAA_2026-07-04.json
NAA,4.18,NAA_4.18,Donna Time,Donna Time,EXACT_NAME_MATCH,1.0,True,case/whitespace-insensitive exact match,racecard_NAA_2026-07-04.json
NAA,4.18,NAA_4.18,Drowsy Maggie,,NO_PASSPORT_FOUND,,False,best fuzzy score 0.667 below 0.90 threshold,racecard_NAA_2026-07-04.json
NAA,4.18,NAA_4.18,Mai Dahlia,Mai Dahlia,EXACT_NAME_MATCH,1.0,True,case/whitespace-insensitive exact match,racecard_NAA_2026-07-04.json
NAA,4.18,NAA_4.18,Serendipia,,NO_PASSPORT_FOUND,,False,best fuzzy score 0.632 below 0.90 threshold,racecard_NAA_2026-07-04.json
NAA,4.18,NAA_4.18,Sibaza,,NO_PASSPORT_FOUND,,False,best fuzzy score 0.667 below 0.90 threshold,racecard_NAA_2026-07-04.json
NAA,4.18,NAA_4.18,Wheres The Gold,,NO_PASSPORT_FOUND,,False,best fuzzy score 0.786 below 0.90 threshold,racecard_NAA_2026-07-04.json
NAA,4.18,NAA_4.18,Xirivella,,NO_PASSPORT_FOUND,,False,best fuzzy score 0.632 below 0.90 threshold,racecard_NAA_2026-07-04.json
NAA,4.53,NAA_4.53,Cadreville,Cadreville,EXACT_NAME_MATCH,1.0,True,case/whitespace-insensitive exact match,racecard_NAA_2026-07-04.json
NAA,4.53,NAA_4.53,Captain Con,Captain Con,EXACT_NAME_MATCH,1.0,True,case/whitespace-insensitive exact match,racecard_NAA_2026-07-04.json
NAA,4.53,NAA_4.53,Chapel Island,Chapel Island,EXACT_NAME_MATCH,1.0,True,case/whitespace-insensitive exact match,racecard_NAA_2026-07-04.json
NAA,4.53,NAA_4.53,Darwin'S Angel,,NO_PASSPORT_FOUND,,False,best fuzzy score 0.833 below 0.90 threshold,racecard_NAA_2026-07-04.json
NAA,4.53,NAA_4.53,Flagstone Lady,Flagstone Lady,EXACT_NAME_MATCH,1.0,True,case/whitespace-insensitive exact match,racecard_NAA_2026-07-04.json
NAA,4.53,NAA_4.53,Jewels Legacy,Jewels Legacy,EXACT_NAME_MATCH,1.0,True,case/whitespace-insensitive exact match,racecard_NAA_2026-07-04.json
NAA,4.53,NAA_4.53,Music And Song,Music And Song,EXACT_NAME_MATCH,1.0,True,case/whitespace-insensitive exact match,racecard_NAA_2026-07-04.json
NAA,4.53,NAA_4.53,Nephin Mountain,,NO_PASSPORT_FOUND,,False,best fuzzy score 0.759 below 0.90 threshold,racecard_NAA_2026-07-04.json
NAA,4.53,NAA_4.53,Point Cartwright,,NO_PASSPORT_FOUND,,False,best fuzzy score 0.593 below 0.90 threshold,racecard_NAA_2026-07-04.json
NAA,4.53,NAA_4.53,Six Wings,Six Wings,EXACT_NAME_MATCH,1.0,True,case/whitespace-insensitive exact match,racecard_NAA_2026-07-04.json
NAA,4.53,NAA_4.53,Swift Charm,Swift Charm,EXACT_NAME_MATCH,1.0,True,case/whitespace-insensitive exact match,racecard_NAA_2026-07-04.json
NAA,4.53,NAA_4.53,The Holy Apostle,The Holy Apostle,EXACT_NAME_MATCH,1.0,True,case/whitespace-insensitive exact match,racecard_NAA_2026-07-04.json
NAA,5.30,NAA_5.30,Frescobaldi,,NO_PASSPORT_FOUND,,False,best fuzzy score 0.667 below 0.90 threshold,racecard_NAA_2026-07-04.json
NAA,5.30,NAA_5.30,L L Koulsty,,NO_PASSPORT_FOUND,,False,best fuzzy score 0.538 below 0.90 threshold,racecard_NAA_2026-07-04.json
NAA,5.30,NAA_5.30,Ocean'S Breath,Ocean's Breath,EXACT_NAME_MATCH,1.0,True,case/whitespace-insensitive exact match,racecard_NAA_2026-07-04.json
NAA,5.30,NAA_5.30,Sir Benji,,NO_PASSPORT_FOUND,,False,best fuzzy score 0.762 below 0.90 threshold,racecard_NAA_2026-07-04.json
NAA,5.30,NAA_5.30,Suzie Songs,,NO_PASSPORT_FOUND,,False,best fuzzy score 0.609 below 0.90 threshold,racecard_NAA_2026-07-04.json
NAA,5.30,NAA_5.30,Yaupon De Replay,,NO_PASSPORT_FOUND,,False,best fuzzy score 0.560 below 0.90 threshold,racecard_NAA_2026-07-04.json
NMK,1.30,NMK_1.30,Ambishio,Ambishio,EXACT_NAME_MATCH,1.0,True,case/whitespace-insensitive exact match,racecard_NMK_2026-07-04.json
NMK,1.30,NMK_1.30,Desert Treasure,Desert Treasure,EXACT_NAME_MATCH,1.0,True,case/whitespace-insensitive exact match,racecard_NMK_2026-07-04.json
NMK,1.30,NMK_1.30,Kolkata Knight,,NO_PASSPORT_FOUND,,False,best fuzzy score 0.609 below 0.90 threshold,racecard_NMK_2026-07-04.json
NMK,1.30,NMK_1.30,Mighty Magnus,Mighty Magnus,EXACT_NAME_MATCH,1.0,True,case/whitespace-insensitive exact match,racecard_NMK_2026-07-04.json
NMK,1.30,NMK_1.30,Percy'S Star,Percy's Star,EXACT_NAME_MATCH,1.0,True,case/whitespace-insensitive exact match,racecard_NMK_2026-07-04.json
NMK,1.30,NMK_1.30,Quantum Power,Quantum Power,EXACT_NAME_MATCH,1.0,True,case/whitespace-insensitive exact match,racecard_NMK_2026-07-04.json
NMK,1.30,NMK_1.30,Wedonttelllies,Wedonttelllies,EXACT_NAME_MATCH,1.0,True,case/whitespace-insensitive exact match,racecard_NMK_2026-07-04.json
NMK,1.30,NMK_1.30,Zelaina,,NO_PASSPORT_FOUND,,False,best fuzzy score 0.714 below 0.90 threshold,racecard_NMK_2026-07-04.json
NMK,2.05,NMK_2.05,Amora Queen,,NO_PASSPORT_FOUND,,False,best fuzzy score 0.833 below 0.90 threshold,racecard_NMK_2026-07-04.json
NMK,2.05,NMK_2.05,Arc Ole Ole,,NO_PASSPORT_FOUND,,False,best fuzzy score 0.640 below 0.90 threshold,racecard_NMK_2026-07-04.json
NMK,2.05,NMK_2.05,Hard To Believe,,NO_PASSPORT_FOUND,,False,best fuzzy score 0.727 below 0.90 threshold,racecard_NMK_2026-07-04.json
NMK,2.05,NMK_2.05,Heroics,,NO_PASSPORT_FOUND,,False,best fuzzy score 0.769 below 0.90 threshold,racecard_NMK_2026-07-04.json
NMK,2.05,NMK_2.05,Lopeo,Lopeo,EXACT_NAME_MATCH,1.0,True,case/whitespace-insensitive exact match,racecard_NMK_2026-07-04.json
NMK,2.05,NMK_2.05,Magnetude,,NO_PASSPORT_FOUND,,False,best fuzzy score 0.632 below 0.90 threshold,racecard_NMK_2026-07-04.json
NMK,2.05,NMK_2.05,Mythical Bay,Mythical Bay,EXACT_NAME_MATCH,1.0,True,case/whitespace-insensitive exact match,racecard_NMK_2026-07-04.json
NMK,2.40,NMK_2.40,Caught U Sleeping,Caught U Sleeping,EXACT_NAME_MATCH,1.0,True,case/whitespace-insensitive exact match,racecard_NMK_2026-07-04.json
NMK,2.40,NMK_2.40,Crepe Suzette,,NO_PASSPORT_FOUND,,False,best fuzzy score 0.609 below 0.90 threshold,racecard_NMK_2026-07-04.json
NMK,2.40,NMK_2.40,Lady Dora Mae,Lady Dora Mae,EXACT_NAME_MATCH,1.0,True,case/whitespace-insensitive exact match,racecard_NMK_2026-07-04.json
NMK,2.40,NMK_2.40,Lady Roisia,Lady Roisia,EXACT_NAME_MATCH,1.0,True,case/whitespace-insensitive exact match,racecard_NMK_2026-07-04.json
NMK,2.40,NMK_2.40,Lava Stream,,NO_PASSPORT_FOUND,,False,best fuzzy score 0.737 below 0.90 threshold,racecard_NMK_2026-07-04.json
NMK,2.40,NMK_2.40,Sharpen,Sharpen,EXACT_NAME_MATCH,1.0,True,case/whitespace-insensitive exact match,racecard_NMK_2026-07-04.json
NMK,2.40,NMK_2.40,Tattycoram,Tattycoram,EXACT_NAME_MATCH,1.0,True,case/whitespace-insensitive exact match,racecard_NMK_2026-07-04.json
NMK,2.40,NMK_2.40,Tiffany,,NO_PASSPORT_FOUND,,False,best fuzzy score 0.625 below 0.90 threshold,racecard_NMK_2026-07-04.json
NMK,3.15,NMK_3.15,Al Aali,,NO_PASSPORT_FOUND,,False,best fuzzy score 0.714 below 0.90 threshold,racecard_NMK_2026-07-04.json
NMK,3.15,NMK_3.15,Burdett Road,,NO_PASSPORT_FOUND,,False,best fuzzy score 0.696 below 0.90 threshold,racecard_NMK_2026-07-04.json
NMK,3.15,NMK_3.15,Claymore,,NO_PASSPORT_FOUND,,False,best fuzzy score 0.706 below 0.90 threshold,racecard_NMK_2026-07-04.json
NMK,3.15,NMK_3.15,Elsass,Elsass,EXACT_NAME_MATCH,1.0,True,case/whitespace-insensitive exact match,racecard_NMK_2026-07-04.json
NMK,3.15,NMK_3.15,Enemy,,NO_PASSPORT_FOUND,,False,best fuzzy score 0.667 below 0.90 threshold,racecard_NMK_2026-07-04.json
NMK,3.15,NMK_3.15,Fierce Fortitude,Fierce Fortitude,EXACT_NAME_MATCH,1.0,True,case/whitespace-insensitive exact match,racecard_NMK_2026-07-04.json
NMK,3.15,NMK_3.15,Klassleader,,NO_PASSPORT_FOUND,,False,best fuzzy score 0.696 below 0.90 threshold,racecard_NMK_2026-07-04.json
NMK,3.15,NMK_3.15,Night Breeze,Night Breeze,EXACT_NAME_MATCH,1.0,True,case/whitespace-insensitive exact match,racecard_NMK_2026-07-04.json
NMK,3.15,NMK_3.15,Paddy The Squire,,NO_PASSPORT_FOUND,,False,best fuzzy score 0.645 below 0.90 threshold,racecard_NMK_2026-07-04.json
NMK,3.15,NMK_3.15,Plage De Havre,,NO_PASSPORT_FOUND,,False,best fuzzy score 0.741 below 0.90 threshold,racecard_NMK_2026-07-04.json
NMK,3.15,NMK_3.15,Sportingsilvermine,Sportingsilvermine,EXACT_NAME_MATCH,1.0,True,case/whitespace-insensitive exact match,racecard_NMK_2026-07-04.json
NMK,3.50,NMK_3.50,Dancing Rinca,,NO_PASSPORT_FOUND,,False,best fuzzy score 0.741 below 0.90 threshold,racecard_NMK_2026-07-04.json
NMK,3.50,NMK_3.50,Dashing Dick,Dashing Dick,EXACT_NAME_MATCH,1.0,True,case/whitespace-insensitive exact match,racecard_NMK_2026-07-04.json
NMK,3.50,NMK_3.50,Distant Rumble,Distant Rumble,EXACT_NAME_MATCH,1.0,True,case/whitespace-insensitive exact match,racecard_NMK_2026-07-04.json
NMK,3.50,NMK_3.50,Em Four,Em Four,EXACT_NAME_MATCH,1.0,True,case/whitespace-insensitive exact match,racecard_NMK_2026-07-04.json
NMK,3.50,NMK_3.50,Emperor'S Son,Emperor's Son,EXACT_NAME_MATCH,1.0,True,case/whitespace-insensitive exact match,racecard_NMK_2026-07-04.json
NMK,3.50,NMK_3.50,Golden Long,Golden Long,EXACT_NAME_MATCH,1.0,True,case/whitespace-insensitive exact match,racecard_NMK_2026-07-04.json
NMK,3.50,NMK_3.50,Jonny Concrete,,NO_PASSPORT_FOUND,,False,best fuzzy score 0.643 below 0.90 threshold,racecard_NMK_2026-07-04.json
NMK,3.50,NMK_3.50,Rajaking,,NO_PASSPORT_FOUND,,False,best fuzzy score 0.714 below 0.90 threshold,racecard_NMK_2026-07-04.json
NMK,3.50,NMK_3.50,Zubaru,Zubaru,EXACT_NAME_MATCH,1.0,True,case/whitespace-insensitive exact match,racecard_NMK_2026-07-04.json
NMK,4.25,NMK_4.25,Akkadian Thunder,Akkadian Thunder,EXACT_NAME_MATCH,1.0,True,case/whitespace-insensitive exact match,racecard_NMK_2026-07-04.json
NMK,4.25,NMK_4.25,Crown Board,,NO_PASSPORT_FOUND,,False,best fuzzy score 0.727 below 0.90 threshold,racecard_NMK_2026-07-04.json
NMK,4.25,NMK_4.25,Divine Libra,,NO_PASSPORT_FOUND,,False,best fuzzy score 0.692 below 0.90 threshold,racecard_NMK_2026-07-04.json
NMK,4.25,NMK_4.25,Golden Redemption,Golden Redemption,EXACT_NAME_MATCH,1.0,True,case/whitespace-insensitive exact match,racecard_NMK_2026-07-04.json
NMK,4.25,NMK_4.25,Goldmoyne,Goldmoyne,EXACT_NAME_MATCH,1.0,True,case/whitespace-insensitive exact match,racecard_NMK_2026-07-04.json
NMK,4.25,NMK_4.25,Houquetot,,NO_PASSPORT_FOUND,,False,best fuzzy score 0.588 below 0.90 threshold,racecard_NMK_2026-07-04.json
NMK,4.25,NMK_4.25,No Retreat,,NO_PASSPORT_FOUND,,False,best fuzzy score 0.800 below 0.90 threshold,racecard_NMK_2026-07-04.json
NMK,4.25,NMK_4.25,One Smack Mac,,NO_PASSPORT_FOUND,,False,best fuzzy score 0.615 below 0.90 threshold,racecard_NMK_2026-07-04.json
NMK,4.25,NMK_4.25,Royal Zabeel,Royal Zabeel,EXACT_NAME_MATCH,1.0,True,case/whitespace-insensitive exact match,racecard_NMK_2026-07-04.json
NMK,4.25,NMK_4.25,Silver Ghost,,NO_PASSPORT_FOUND,,False,best fuzzy score 0.750 below 0.90 threshold,racecard_NMK_2026-07-04.json
NMK,5.00,NMK_5.00,Alaminos,,NO_PASSPORT_FOUND,,False,best fuzzy score 0.750 below 0.90 threshold,racecard_NMK_2026-07-04.json
NMK,5.00,NMK_5.00,Aqua Bear,,NO_PASSPORT_FOUND,,False,best fuzzy score 0.700 below 0.90 threshold,racecard_NMK_2026-07-04.json
NMK,5.00,NMK_5.00,I'Ll Be Back,,NO_PASSPORT_FOUND,,False,best fuzzy score 0.636 below 0.90 threshold,racecard_NMK_2026-07-04.json
NMK,5.00,NMK_5.00,Ironwill,,NO_PASSPORT_FOUND,,False,best fuzzy score 0.667 below 0.90 threshold,racecard_NMK_2026-07-04.json
NMK,5.00,NMK_5.00,Lightning Polka,,NO_PASSPORT_FOUND,,False,best fuzzy score 0.733 below 0.90 threshold,racecard_NMK_2026-07-04.json
NMK,5.00,NMK_5.00,Proud Nation,,NO_PASSPORT_FOUND,,False,best fuzzy score 0.762 below 0.90 threshold,racecard_NMK_2026-07-04.json
NMK,5.00,NMK_5.00,Winding Stream,,NO_PASSPORT_FOUND,,False,best fuzzy score 0.643 below 0.90 threshold,racecard_NMK_2026-07-04.json
NOT,6.00,NOT_6.00,Articulate,Articulate,EXACT_NAME_MATCH,1.0,True,case/whitespace-insensitive exact match,racecard_NOT_2026-07-04.json
NOT,6.00,NOT_6.00,Cosmic Mystery,Cosmic Mystery,EXACT_NAME_MATCH,1.0,True,case/whitespace-insensitive exact match,racecard_NOT_2026-07-04.json
NOT,6.00,NOT_6.00,Glamorize,Glamorize,EXACT_NAME_MATCH,1.0,True,case/whitespace-insensitive exact match,racecard_NOT_2026-07-04.json
NOT,6.00,NOT_6.00,Lion Of Persia,Lion Of Persia,EXACT_NAME_MATCH,1.0,True,case/whitespace-insensitive exact match,racecard_NOT_2026-07-04.json
NOT,6.00,NOT_6.00,One In A Millz,,NO_PASSPORT_FOUND,,False,best fuzzy score 0.609 below 0.90 threshold,racecard_NOT_2026-07-04.json
NOT,6.30,NOT_6.30,Courageous Sioux,,NO_PASSPORT_FOUND,,False,best fuzzy score 0.562 below 0.90 threshold,racecard_NOT_2026-07-04.json
NOT,6.30,NOT_6.30,Court Alert,,NO_PASSPORT_FOUND,,False,best fuzzy score 0.667 below 0.90 threshold,racecard_NOT_2026-07-04.json
NOT,6.30,NOT_6.30,El Ghuwah,,NO_PASSPORT_FOUND,,False,best fuzzy score 0.571 below 0.90 threshold,racecard_NOT_2026-07-04.json
NOT,6.30,NOT_6.30,Green Champion,,NO_PASSPORT_FOUND,,False,best fuzzy score 0.786 below 0.90 threshold,racecard_NOT_2026-07-04.json
NOT,6.30,NOT_6.30,Mariselle,,NO_PASSPORT_FOUND,,False,best fuzzy score 0.750 below 0.90 threshold,racecard_NOT_2026-07-04.json
NOT,6.30,NOT_6.30,Miracleoftheandes,,NO_PASSPORT_FOUND,,False,best fuzzy score 0.606 below 0.90 threshold,racecard_NOT_2026-07-04.json
NOT,6.30,NOT_6.30,Shego,,NO_PASSPORT_FOUND,,False,best fuzzy score 0.615 below 0.90 threshold,racecard_NOT_2026-07-04.json
NOT,6.30,NOT_6.30,Sugar Bon Bon,,NO_PASSPORT_FOUND,,False,best fuzzy score 0.593 below 0.90 threshold,racecard_NOT_2026-07-04.json
NOT,6.30,NOT_6.30,Tide Runner,,NO_PASSPORT_FOUND,,False,best fuzzy score 0.750 below 0.90 threshold,racecard_NOT_2026-07-04.json
NOT,7.00,NOT_7.00,Acclaimed Freedom,Acclaimed Freedom,EXACT_NAME_MATCH,1.0,True,case/whitespace-insensitive exact match,racecard_NOT_2026-07-04.json
NOT,7.00,NOT_7.00,Beyond Borders,Beyond Borders,EXACT_NAME_MATCH,1.0,True,case/whitespace-insensitive exact match,racecard_NOT_2026-07-04.json
NOT,7.00,NOT_7.00,Charlie Boyo,Charlie Boyo,EXACT_NAME_MATCH,1.0,True,case/whitespace-insensitive exact match,racecard_NOT_2026-07-04.json
NOT,7.00,NOT_7.00,Duskaura,,NO_PASSPORT_FOUND,,False,best fuzzy score 0.571 below 0.90 threshold,racecard_NOT_2026-07-04.json
NOT,7.00,NOT_7.00,Eartha,,NO_PASSPORT_FOUND,,False,best fuzzy score 0.833 below 0.90 threshold,racecard_NOT_2026-07-04.json
NOT,7.00,NOT_7.00,Emperor Caradoc,Emperor Caradoc,EXACT_NAME_MATCH,1.0,True,case/whitespace-insensitive exact match,racecard_NOT_2026-07-04.json
NOT,7.00,NOT_7.00,Macanudo,Macanudo,EXACT_NAME_MATCH,1.0,True,case/whitespace-insensitive exact match,racecard_NOT_2026-07-04.json
NOT,7.30,NOT_7.30,Chambers,Chambers,EXACT_NAME_MATCH,1.0,True,case/whitespace-insensitive exact match,racecard_NOT_2026-07-04.json
NOT,7.30,NOT_7.30,Ikigai Star,Ikigai Star,EXACT_NAME_MATCH,1.0,True,case/whitespace-insensitive exact match,racecard_NOT_2026-07-04.json
NOT,7.30,NOT_7.30,Jack Langley,Jack Langley,EXACT_NAME_MATCH,1.0,True,case/whitespace-insensitive exact match,racecard_NOT_2026-07-04.json
NOT,7.30,NOT_7.30,Regally Blonde,Regally Blonde,EXACT_NAME_MATCH,1.0,True,case/whitespace-insensitive exact match,racecard_NOT_2026-07-04.json
NOT,7.30,NOT_7.30,Saratoga Gold,Saratoga Gold,EXACT_NAME_MATCH,1.0,True,case/whitespace-insensitive exact match,racecard_NOT_2026-07-04.json
NOT,8.00,NOT_8.00,Celestias Comet,Celestias Comet,EXACT_NAME_MATCH,1.0,True,case/whitespace-insensitive exact match,racecard_NOT_2026-07-04.json
NOT,8.00,NOT_8.00,Dinah Myte,Dinah Myte,EXACT_NAME_MATCH,1.0,True,case/whitespace-insensitive exact match,racecard_NOT_2026-07-04.json
NOT,8.00,NOT_8.00,Huggable,,NO_PASSPORT_FOUND,,False,best fuzzy score 0.667 below 0.90 threshold,racecard_NOT_2026-07-04.json
NOT,8.00,NOT_8.00,Phaedra,Phaedra,EXACT_NAME_MATCH,1.0,True,case/whitespace-insensitive exact match,racecard_NOT_2026-07-04.json
NOT,8.00,NOT_8.00,Rosemary May,Rosemary May,EXACT_NAME_MATCH,1.0,True,case/whitespace-insensitive exact match,racecard_NOT_2026-07-04.json
NOT,8.00,NOT_8.00,Saliko,Saliko,EXACT_NAME_MATCH,1.0,True,case/whitespace-insensitive exact match,racecard_NOT_2026-07-04.json
NOT,8.30,NOT_8.30,Alcanzor,,NO_PASSPORT_FOUND,,False,best fuzzy score 0.875 below 0.90 threshold,racecard_NOT_2026-07-04.json
NOT,8.30,NOT_8.30,Baldosa,Baldosa,EXACT_NAME_MATCH,1.0,True,case/whitespace-insensitive exact match,racecard_NOT_2026-07-04.json
NOT,8.30,NOT_8.30,Balmoral Boy,,NO_PASSPORT_FOUND,,False,best fuzzy score 0.667 below 0.90 threshold,racecard_NOT_2026-07-04.json
NOT,8.30,NOT_8.30,Enduring Story,Enduring Story,EXACT_NAME_MATCH,1.0,True,case/whitespace-insensitive exact match,racecard_NOT_2026-07-04.json
NOT,8.30,NOT_8.30,Palace Artois,Palace Artois,EXACT_NAME_MATCH,1.0,True,case/whitespace-insensitive exact match,racecard_NOT_2026-07-04.json
NOT,8.30,NOT_8.30,Regulus Black,Regulus Black,EXACT_NAME_MATCH,1.0,True,case/whitespace-insensitive exact match,racecard_NOT_2026-07-04.json
NOT,8.30,NOT_8.30,Sound Gloria,,NO_PASSPORT_FOUND,,False,best fuzzy score 0.692 below 0.90 threshold,racecard_NOT_2026-07-04.json
NOT,9.00,NOT_9.00,Danehill Star,Danehill Star,EXACT_NAME_MATCH,1.0,True,case/whitespace-insensitive exact match,racecard_NOT_2026-07-04.json
NOT,9.00,NOT_9.00,Holly Mist,Holly Mist,EXACT_NAME_MATCH,1.0,True,case/whitespace-insensitive exact match,racecard_NOT_2026-07-04.json
NOT,9.00,NOT_9.00,Into Combat,Into Combat,EXACT_NAME_MATCH,1.0,True,case/whitespace-insensitive exact match,racecard_NOT_2026-07-04.json
NOT,9.00,NOT_9.00,Pride Eye,,NO_PASSPORT_FOUND,,False,best fuzzy score 0.667 below 0.90 threshold,racecard_NOT_2026-07-04.json
NOT,9.00,NOT_9.00,Quirke On Parole,,NO_PASSPORT_FOUND,,False,best fuzzy score 0.645 below 0.90 threshold,racecard_NOT_2026-07-04.json
NOT,9.00,NOT_9.00,Stipulation,,NO_PASSPORT_FOUND,,False,best fuzzy score 0.783 below 0.90 threshold,racecard_NOT_2026-07-04.json
NOT,9.00,NOT_9.00,Time Turner,,NO_PASSPORT_FOUND,,False,best fuzzy score 0.783 below 0.90 threshold,racecard_NOT_2026-07-04.json
SAN,1.50,SAN_1.50,Asfoora,Asfoora,EXACT_NAME_MATCH,1.0,True,case/whitespace-insensitive exact match,racecard_SAN_2026-07-04.json
SAN,1.50,SAN_1.50,Getreadytorumble,Getreadytorumble,EXACT_NAME_MATCH,1.0,True,case/whitespace-insensitive exact match,racecard_SAN_2026-07-04.json
SAN,1.50,SAN_1.50,Gold Digger,Gold Digger,EXACT_NAME_MATCH,1.0,True,case/whitespace-insensitive exact match,racecard_SAN_2026-07-04.json
SAN,1.50,SAN_1.50,Leovanni,Leovanni,EXACT_NAME_MATCH,1.0,True,case/whitespace-insensitive exact match,racecard_SAN_2026-07-04.json
SAN,1.50,SAN_1.50,Luna A Inbhir Nis,,NO_PASSPORT_FOUND,,False,best fuzzy score 0.562 below 0.90 threshold,racecard_SAN_2026-07-04.json
SAN,1.50,SAN_1.50,Palmeira,,NO_PASSPORT_FOUND,,False,best fuzzy score 0.800 below 0.90 threshold,racecard_SAN_2026-07-04.json
SAN,1.50,SAN_1.50,Partisan Hero,Partisan Hero,EXACT_NAME_MATCH,1.0,True,case/whitespace-insensitive exact match,racecard_SAN_2026-07-04.json
SAN,1.50,SAN_1.50,Rumstar,Rumstar,EXACT_NAME_MATCH,1.0,True,case/whitespace-insensitive exact match,racecard_SAN_2026-07-04.json
SAN,1.50,SAN_1.50,Shagraan,Shagraan,EXACT_NAME_MATCH,1.0,True,case/whitespace-insensitive exact match,racecard_SAN_2026-07-04.json
SAN,1.50,SAN_1.50,Words Of Truth,,NO_PASSPORT_FOUND,,False,best fuzzy score 0.621 below 0.90 threshold,racecard_SAN_2026-07-04.json
SAN,2.25,SAN_2.25,Balmacara,Balmacara,EXACT_NAME_MATCH,1.0,True,case/whitespace-insensitive exact match,racecard_SAN_2026-07-04.json
SAN,2.25,SAN_2.25,Beagle Bay,,FUZZY_AMBIGUOUS_BLOCKED,,False,"high character-similarity score 0.947 to 'Eagle Bay', but the difference is a full word-level change (not punctuation/accent/spacing/article) so it is NOT auto-accepted — likely a genuinely different horse. Held for manual review.",racecard_SAN_2026-07-04.json
SAN,2.25,SAN_2.25,Bourbon Blues,,NO_PASSPORT_FOUND,,False,best fuzzy score 0.667 below 0.90 threshold,racecard_SAN_2026-07-04.json
SAN,2.25,SAN_2.25,Cerulean Bay,Cerulean Bay,EXACT_NAME_MATCH,1.0,True,case/whitespace-insensitive exact match,racecard_SAN_2026-07-04.json
SAN,2.25,SAN_2.25,City Of Poets,,NO_PASSPORT_FOUND,,False,best fuzzy score 0.750 below 0.90 threshold,racecard_SAN_2026-07-04.json
SAN,2.25,SAN_2.25,Classic,Classic,EXACT_NAME_MATCH,1.0,True,case/whitespace-insensitive exact match,racecard_SAN_2026-07-04.json
SAN,2.25,SAN_2.25,Ebt'S Guard,Ebt's Guard,EXACT_NAME_MATCH,1.0,True,case/whitespace-insensitive exact match,racecard_SAN_2026-07-04.json
SAN,2.25,SAN_2.25,Excellent Believe,Excellent Believe,EXACT_NAME_MATCH,1.0,True,case/whitespace-insensitive exact match,racecard_SAN_2026-07-04.json
SAN,2.25,SAN_2.25,Hard Endeavor,,NO_PASSPORT_FOUND,,False,best fuzzy score 0.714 below 0.90 threshold,racecard_SAN_2026-07-04.json
SAN,2.25,SAN_2.25,Indalo,,NO_PASSPORT_FOUND,,False,best fuzzy score 0.769 below 0.90 threshold,racecard_SAN_2026-07-04.json
SAN,2.25,SAN_2.25,Liberty Lane,Liberty Lane,EXACT_NAME_MATCH,1.0,True,case/whitespace-insensitive exact match,racecard_SAN_2026-07-04.json
SAN,2.25,SAN_2.25,Mirsky,Mirsky,EXACT_NAME_MATCH,1.0,True,case/whitespace-insensitive exact match,racecard_SAN_2026-07-04.json
SAN,2.25,SAN_2.25,Ozat,Ozat,EXACT_NAME_MATCH,1.0,True,case/whitespace-insensitive exact match,racecard_SAN_2026-07-04.json
SAN,2.25,SAN_2.25,Popmaster,Popmaster,EXACT_NAME_MATCH,1.0,True,case/whitespace-insensitive exact match,racecard_SAN_2026-07-04.json
SAN,2.25,SAN_2.25,River King,River King,EXACT_NAME_MATCH,1.0,True,case/whitespace-insensitive exact match,racecard_SAN_2026-07-04.json
SAN,2.25,SAN_2.25,Tribal Chief,Tribal Chief,EXACT_NAME_MATCH,1.0,True,case/whitespace-insensitive exact match,racecard_SAN_2026-07-04.json
SAN,3.00,SAN_3.00,Act Of Kindness,Act Of Kindness,EXACT_NAME_MATCH,1.0,True,case/whitespace-insensitive exact match,racecard_SAN_2026-07-04.json
SAN,3.00,SAN_3.00,Estissa,,NO_PASSPORT_FOUND,,False,best fuzzy score 0.714 below 0.90 threshold,racecard_SAN_2026-07-04.json
SAN,3.00,SAN_3.00,Pacific Mission,Pacific Mission,EXACT_NAME_MATCH,1.0,True,case/whitespace-insensitive exact match,racecard_SAN_2026-07-04.json
SAN,3.00,SAN_3.00,Sacred Ground,Sacred Ground,EXACT_NAME_MATCH,1.0,True,case/whitespace-insensitive exact match,racecard_SAN_2026-07-04.json
SAN,3.00,SAN_3.00,Secret Of Life,Secret Of Life,EXACT_NAME_MATCH,1.0,True,case/whitespace-insensitive exact match,racecard_SAN_2026-07-04.json
SAN,3.00,SAN_3.00,Silenciosa,,NO_PASSPORT_FOUND,,False,best fuzzy score 0.706 below 0.90 threshold,racecard_SAN_2026-07-04.json
SAN,3.00,SAN_3.00,Spinning Lizzie,,NO_PASSPORT_FOUND,,False,best fuzzy score 0.690 below 0.90 threshold,racecard_SAN_2026-07-04.json
SAN,3.00,SAN_3.00,Tavana,,NO_PASSPORT_FOUND,,False,best fuzzy score 0.769 below 0.90 threshold,racecard_SAN_2026-07-04.json
SAN,3.35,SAN_3.35,A Boy Named Susie,A Boy Named Susie,EXACT_NAME_MATCH,1.0,True,case/whitespace-insensitive exact match,racecard_SAN_2026-07-04.json
SAN,3.35,SAN_3.35,Boy Named Susie,A Boy Named Susie,NORMALIZED_NAME_MATCH,0.96,True,matched after stripping a leading article (A/The) — explainable RP formatting difference,racecard_SAN_2026-07-04.json
SAN,3.35,SAN_3.35,Constitution River,Constitution River,EXACT_NAME_MATCH,1.0,True,case/whitespace-insensitive exact match,racecard_SAN_2026-07-04.json
SAN,3.35,SAN_3.35,Flushing Meadows,Flushing Meadows,EXACT_NAME_MATCH,1.0,True,case/whitespace-insensitive exact match,racecard_SAN_2026-07-04.json
SAN,3.35,SAN_3.35,Hawk Mountain,Hawk Mountain,EXACT_NAME_MATCH,1.0,True,case/whitespace-insensitive exact match,racecard_SAN_2026-07-04.json
SAN,3.35,SAN_3.35,King'S Gambit,,NO_PASSPORT_FOUND,,False,best fuzzy score 0.696 below 0.90 threshold,racecard_SAN_2026-07-04.json
SAN,3.35,SAN_3.35,Saddadd,Saddadd,EXACT_NAME_MATCH,1.0,True,case/whitespace-insensitive exact match,racecard_SAN_2026-07-04.json
SAN,4.10,SAN_4.10,He'S Waliim,,FUZZY_AMBIGUOUS_BLOCKED,,False,"high character-similarity score 0.900 to 'Yes Waliim', but the difference is a full word-level change (not punctuation/accent/spacing/article) so it is NOT auto-accepted — likely a genuinely different horse. Held for manual review.",racecard_SAN_2026-07-04.json
SAN,4.10,SAN_4.10,King'S Cavalry,King's Cavalry,EXACT_NAME_MATCH,1.0,True,case/whitespace-insensitive exact match,racecard_SAN_2026-07-04.json
SAN,4.10,SAN_4.10,Richie'S Rocket,,NO_PASSPORT_FOUND,,False,best fuzzy score 0.759 below 0.90 threshold,racecard_SAN_2026-07-04.json
SAN,4.10,SAN_4.10,Spirit Of Saxony,,NO_PASSPORT_FOUND,,False,best fuzzy score 0.812 below 0.90 threshold,racecard_SAN_2026-07-04.json
SAN,4.10,SAN_4.10,Sunny Smile,Sunny Smile,EXACT_NAME_MATCH,1.0,True,case/whitespace-insensitive exact match,racecard_SAN_2026-07-04.json
SAN,4.47,SAN_4.47,Akho Mezzna,,NO_PASSPORT_FOUND,,False,best fuzzy score 0.588 below 0.90 threshold,racecard_SAN_2026-07-04.json
SAN,4.47,SAN_4.47,Barbury Boy,Barbury Boy,EXACT_NAME_MATCH,1.0,True,case/whitespace-insensitive exact match,racecard_SAN_2026-07-04.json
SAN,4.47,SAN_4.47,Bridge Of Eagles,,NO_PASSPORT_FOUND,,False,best fuzzy score 0.750 below 0.90 threshold,racecard_SAN_2026-07-04.json
SAN,4.47,SAN_4.47,Sassicaia,,NO_PASSPORT_FOUND,,False,best fuzzy score 0.625 below 0.90 threshold,racecard_SAN_2026-07-04.json
SAN,4.47,SAN_4.47,St Hilda,,NO_PASSPORT_FOUND,,False,best fuzzy score 0.667 below 0.90 threshold,racecard_SAN_2026-07-04.json
SAN,4.47,SAN_4.47,Tambora,,NO_PASSPORT_FOUND,,False,best fuzzy score 0.667 below 0.90 threshold,racecard_SAN_2026-07-04.json
SAN,4.47,SAN_4.47,Valpovo,Valpovo,EXACT_NAME_MATCH,1.0,True,case/whitespace-insensitive exact match,racecard_SAN_2026-07-04.json
SAN,5.22,SAN_5.22,Brasil Power,Brasil Power,EXACT_NAME_MATCH,1.0,True,case/whitespace-insensitive exact match,racecard_SAN_2026-07-04.json
SAN,5.22,SAN_5.22,Cloth Of Gold,,NO_PASSPORT_FOUND,,False,best fuzzy score 0.783 below 0.90 threshold,racecard_SAN_2026-07-04.json
SAN,5.22,SAN_5.22,Flying Frontier,,NO_PASSPORT_FOUND,,False,best fuzzy score 0.759 below 0.90 threshold,racecard_SAN_2026-07-04.json
SAN,5.22,SAN_5.22,Great David,Great David,EXACT_NAME_MATCH,1.0,True,case/whitespace-insensitive exact match,racecard_SAN_2026-07-04.json
SAN,5.22,SAN_5.22,King'S Code,King's Code,EXACT_NAME_MATCH,1.0,True,case/whitespace-insensitive exact match,racecard_SAN_2026-07-04.json
SAN,5.22,SAN_5.22,Point Of Contact,,NO_PASSPORT_FOUND,,False,best fuzzy score 0.621 below 0.90 threshold,racecard_SAN_2026-07-04.json
SAN,5.22,SAN_5.22,Rathgar,,NO_PASSPORT_FOUND,,False,best fuzzy score 0.714 below 0.90 threshold,racecard_SAN_2026-07-04.json
SAN,5.22,SAN_5.22,Stem,Stem,EXACT_NAME_MATCH,1.0,True,case/whitespace-insensitive exact match,racecard_SAN_2026-07-04.json
SAN,5.22,SAN_5.22,Theory Of Tides,,NO_PASSPORT_FOUND,,False,best fuzzy score 0.690 below 0.90 threshold,racecard_SAN_2026-07-04.json
