date,course,off_time,race_id,winner,winner_sp,VELO_pick,VELO_result,VELO_pos,VELO_sp,VELO_pnl,VELO_tier,VELO_vp,VELO_mds,VELO_place,VELO_core_support,VELO_all_tipster_support,SPOTLIGHT_pick,SPOTLIGHT_result,SPOTLIGHT_pos,SPOTLIGHT_sp,SPOTLIGHT_pnl,POSTDATA_pick,POSTDATA_result,POSTDATA_pos,POSTDATA_sp,POSTDATA_pnl,TOPSPEED_pick,TOPSPEED_result,TOPSPEED_pos,TOPSPEED_sp,TOPSPEED_pnl,RP_RATINGS_pick,RP_RATINGS_result,RP_RATINGS_pos,RP_RATINGS_sp,RP_RATINGS_pnl
2026-05-17,HAM,3.45,pdf_6b3992a4,Mind Those Steps,4.5,Dakota Brave,LOSE,5,9.5,-1.0,X,0.1791,0.0152,0.2358,0,0,Mind Those Steps,WIN,1,4.5,3.5,Mind Those Steps,WIN,1,4.5,3.5,,,,,0.0,,,,,0.0
2026-05-17,HAM,4.15,pdf_7dd7acb6,Red Spells Danger,3.25,Horace Wallace,LOSE,12,34.0,-1.0,A,0.3562,0.1359,0.9301,0,0,Red Spells Danger,WIN,1,3.25,2.25,Go Vince Go,PLACE,3,11.0,-1.0,Marcellinus,PLACE,2,3.75,-1.0,Cotai Lights,LOSE,11,23.0,-1.0
2026-05-17,HAM,4.45,pdf_dcc698ac,Valiancy,2.25,Ride The Thunder,PLACE,3,3.5,-1.0,A,0.382,0.308,0.9729,2,4,Ride The Thunder,PLACE,3,3.5,-1.0,Trojan Sun,LOSE,8,21.0,-1.0,Savrola,LOSE,11,13.0,-1.0,Ride The Thunder,PLACE,3,3.5,-1.0
2026-05-17,HAM,5.15,pdf_3a839772,Vantheman,11.0,Marty Hopkirk,DNF,DNF,21.0,0.0,A,0.3655,0.1975,0.8177,0,0,Reigning Profit,PLACE,2,7.5,-1.0,Reigning Profit,PLACE,2,7.5,-1.0,Manila Scouse,PLACE,3,17.0,-1.0,Station X,LOSE,6,5.5,-1.0
2026-05-17,HAM,5.45,pdf_956b71d2,Plaid,3.0,Plaid,WIN,1,3.0,2.0,B,0.4475,0.2787,0.9861,1,7,Plaid,WIN,1,3.0,2.0,Dunkeld Dreamer,PLACE,2,2.88,-1.0,Dunkeld Dreamer,PLACE,2,2.88,-1.0,Epidavros,LOSE,4,6.5,-1.0
2026-05-17,HAM,6.15,pdf_a8d93092,Mae Amor,67.0,Who Wants Me,LOSE,6,26.0,-1.0,B,0.3387,0.1382,0.9051,0,0,Montezuma,LOSE,13,4.5,-1.0,The Good Biscuit,LOSE,8,9.5,-1.0,Rock Opera,LOSE,4,7.0,-1.0,Jonny Concrete,PLACE,2,3.5,-1.0
2026-05-17,HAM,6.45,pdf_cfe427a2,Letsbefrank,3.5,L'Eagle Aid,DNF,DNF,8.0,0.0,B,0.3316,0.1667,0.9532,0,1,Letsbefrank,WIN,1,3.5,2.5,Fast Fred,LOSE,8,3.75,-1.0,Jaminoz,LOSE,5,23.0,-1.0,Letsbefrank,WIN,1,3.5,2.5
2026-05-17,Naas,1.56,pdf_27854d10,Bobby Mcgee,4.0,Bobby Mcgee,WIN,1,4.0,3.0,B,0.2965,0.0424,0.9181,2,2,Shaftesbury Avenue,LOSE,6,3.0,-1.0,Port Ferdinand,LOSE,4,8.5,-1.0,Bobby McGee,WIN,1,4.0,3.0,Bobby McGee,WIN,1,4.0,3.0
2026-05-17,Naas,2.26,pdf_9d21497c,Jagged Edge,11.0,Senna'S Girl,LOSE,13,15.0,-1.0,B,0.2246,0.0183,0.7863,0,0,Far From Dandy,PLACE,2,4.33,-1.0,Fast Tara,PLACE,3,9.0,-1.0,Glory To Be,LOSE,9,13.0,-1.0,Booyea,LOSE,5,6.0,-1.0
2026-05-17,Naas,2.56,pdf_c29ed256,Your Song,26.0,Cyclone Code,DNF,DNF,26.0,0.0,X,0.1913,0.0152,0.2358,0,0,Star Prospect,PLACE,3,1.67,-1.0,What A Girl Wants,PLACE,2,4.0,-1.0,,,,,0.0,What A Girl Wants,PLACE,2,4.0,-1.0
2026-05-17,Naas,3.26,pdf_157b036e,Totally Puzzled,51.0,Guardian Of Realm,LOSE,6,6.5,-1.0,B,0.1467,0.011,0.2587,0,0,Solana Beach,LOSE,4,7.0,-1.0,Solana Beach,LOSE,4,7.0,-1.0,,,,,0.0,Solana Beach,LOSE,4,7.0,-1.0
2026-05-17,Naas,3.56,pdf_b6cd7d6d,Wannabe Royal,34.0,Rahmi,LOSE,8,17.0,-1.0,B,0.2281,0.0434,0.7518,1,1,Expanded,PLACE,2,3.25,-1.0,King Cuan,DNF,DNF,6.5,0.0,Rahmi,LOSE,8,17.0,-1.0,Native Warrior,LOSE,7,2.62,-1.0
2026-05-17,Naas,4.26,pdf_0cf7aa56,Victorious,1.91,Victorious,WIN,1,1.91,0.91,B,0.2235,0.0152,0.3085,1,1,Victorious,WIN,1,1.91,0.91,Velozee,LOSE,4,2.75,-1.0,Vollering,LOSE,5,15.0,-1.0,Velozee,LOSE,4,2.75,-1.0
2026-05-17,Naas,4.56,pdf_d48c083a,Havana Anna,3.25,Royal Bay Cen,LOSE,4,8.0,-1.0,A,0.3812,0.0698,0.9392,2,3,Charles Darwin,LOSE,8,2.0,-1.0,Royal Bay Cen,LOSE,4,8.0,-1.0,Havana Anna,WIN,1,3.25,2.25,Royal Bay Cen,LOSE,4,8.0,-1.0
2026-05-17,Naas,5.26,pdf_300b1896,Mission Central,2.25,Likedbymike,LOSE,4,8.0,-1.0,B,0.2541,0.0512,0.8925,0,1,Mission Central,WIN,1,2.25,1.25,Mission Central,WIN,1,2.25,1.25,Mission Central,WIN,1,2.25,1.25,Mission Central,WIN,1,2.25,1.25
2026-05-17,RIP,2.17,pdf_4204c21c,Trojan Soldier,5.0,Trojan Soldier,WIN,1,5.0,4.0,B,0.4674,0.2317,0.9222,0,1,Scottish Dancer,PLACE,2,4.0,-1.0,No More Bolero,LOSE,6,3.75,-1.0,,,,,0.0,Rupert The Prince,LOSE,4,4.5,-1.0
2026-05-17,RIP,2.47,pdf_e3ffcb4c,The Can Can Queen,7.0,Crimson Blaze,LOSE,8,13.0,-1.0,X,0.1461,0.011,0.1392,1,2,Bai Tong,PLACE,2,1.73,-1.0,Crimson Blaze,LOSE,8,13.0,-1.0,,,,,0.0,,,,,0.0
2026-05-17,RIP,3.17,pdf_baf0ee46,Poet'S Dawn,8.5,Everyoneknowsadave,DNF,DNF,11.0,0.0,B,0.2531,0.1238,0.8128,0,0,Finlaggan,LOSE,7,2.38,-1.0,Poet's Dawn,WIN,1,8.5,7.5,,,,,0.0,Poet's Dawn,WIN,1,8.5,7.5
2026-05-17,RIP,3.50,pdf_a9f63963,Beaujolais Nouveau,12.0,Beaujolais Nouveau,WIN,1,12.0,11.0,A,0.3615,0.0886,0.7043,0,0,Shallow,PLACE,3,4.5,-1.0,Shallow,PLACE,3,4.5,-1.0,Lebron Power,LOSE,5,19.0,-1.0,Shallow,PLACE,3,4.5,-1.0
2026-05-17,RIP,4.20,pdf_f1e7bce4,Zen Diva,1.8,Black Orchid,PLACE,2,2.75,-1.0,X,0.1308,0.011,0.0731,0,1,Zen Diva,WIN,1,1.8,0.8,Zen Diva,WIN,1,1.8,0.8,,,,,0.0,,,,,0.0
2026-05-17,RIP,4.50,pdf_94aff569,Penny Ghent,29.0,Far Ahead,LOSE,11,7.5,-1.0,B,0.2213,0.1262,0.8471,1,4,Oilisa,LOSE,10,4.5,-1.0,Barleybrown,LOSE,6,7.5,-1.0,,,,,0.0,Far Ahead,LOSE,11,7.5,-1.0
2026-05-17,RIP,5.20,pdf_2412430c,Gunalt Wavelength,7.0,What A Tahoo,PLACE,3,23.0,-1.0,B,0.2003,0.0096,0.4875,0,0,Hares Bredth,LOSE,7,4.5,-1.0,Simba's Pride,PLACE,2,3.5,-1.0,,,,,0.0,Pivotal Terms,LOSE,6,5.5,-1.0
2026-05-17,RIP,5.50,pdf_d8c0d5a3,Solar Cooper,13.0,I'M Dan Dare,LOSE,5,3.25,-1.0,A,0.3927,0.0115,0.6274,1,7,Call Me By My Name,LOSE,8,9.5,-1.0,Battenburg Belle,PLACE,2,8.0,-1.0,,,,,0.0,I'm Dan Dare,LOSE,5,3.25,-1.0
2026-05-17,Stratford,2.35,pdf_ad87ad31,Our Guide,1.3,Our Guide,WIN,1,1.3,0.3,B,0.3508,0.0125,0.3245,2,8,Our Guide,WIN,1,1.3,0.3,Our Guide,WIN,1,1.3,0.3,,,,,0.0,Ka Mate Du Brivet,PLACE,2,5.0,-1.0
2026-05-17,Stratford,3.05,pdf_53a7b477,Captain Cool,3.0,Cawthorne Cracker,LOSE,5,4.0,-1.0,A,0.5542,0.0528,0.9983,3,6,Captain Cool,WIN,1,3.0,2.0,Cawthorne Cracker,LOSE,5,4.0,-1.0,Cawthorne Cracker,LOSE,5,4.0,-1.0,Cawthorne Cracker,LOSE,5,4.0,-1.0
2026-05-17,Stratford,3.35,pdf_3e8b9d3a,Jena D'Oudairies,2.75,Am The Moon,PLACE,2,4.33,-1.0,B,0.3541,0.0443,0.9349,0,0,Jena d'Oudairies,WIN,1,2.75,1.75,Jena d'Oudairies,WIN,1,2.75,1.75,Mahon Falls,PLACE,3,9.0,-1.0,Jena d'Oudairies,WIN,1,2.75,1.75
2026-05-17,Stratford,4.05,pdf_23002736,A Little Something,1.62,A Little Something,WIN,1,1.62,0.62,B,0.4569,0.2796,0.9929,3,8,A Little Something,WIN,1,1.62,0.62,A Little Something,WIN,1,1.62,0.62,Miss Fedora,DNF,DNF,9.0,0.0,A Little Something,WIN,1,1.62,0.62
2026-05-17,Stratford,4.35,pdf_dbef2381,Prettylady,23.0,A Good Yomp,DNF,DNF,3.75,0.0,B,0.1722,0.0318,0.665,0,1,Frank Stamper,LOSE,6,3.0,-1.0,Frank Stamper,LOSE,6,3.0,-1.0,,,,,0.0,Frank Stamper,LOSE,6,3.0,-1.0
2026-05-17,Stratford,5.05,pdf_e4430b35,Bagheera Ginge,10.0,Arrycan,PLACE,3,7.5,-1.0,A,0.6732,0.2429,0.9983,0,1,Okavango Delta,DNF,DNF,8.0,0.0,Tapley,LOSE,4,2.5,-1.0,Tapley,LOSE,4,2.5,-1.0,King Roly,DNF,DNF,3.0,0.0
2026-05-17,Stratford,5.35,pdf_29ede0d6,Bound For Glory,2.38,Lightsoutandaway,LOSE,4,3.5,-1.0,B,0.5224,0.0152,0.4898,1,2,Mac's Max,LOSE,5,3.0,-1.0,Bound For Glory,WIN,1,2.38,1.38,,,,,0.0,Lightsoutandaway,LOSE,4,3.5,-1.0
2026-05-18,Carlisle,2.00,,,,,,,,0.0,,,,,0,0,Wild Blossom,UNMATCHED,,,0.0,Crownbreaker,UNMATCHED,,,0.0,Crownbreaker,UNMATCHED,,,0.0,Crownbreaker,UNMATCHED,,,0.0
2026-05-18,Carlisle,2.30,2026-05-18_CRL_230,Harb,12.0,Imperial Guard,LOSE,8,6.5,-1.0,C,0.1342,0.0057,0.4364,1,1,Dc Cogent,LOSE,6,5.0,-1.0,Blue Lakota,LOSE,10,8.0,-1.0,Imperial Guard,LOSE,8,6.5,-1.0,Blue Lakota,LOSE,10,8.0,-1.0
2026-05-18,Carlisle,3.00,2026-05-18_CRL_300,Call Me Betty,11.0,Iris Dancer,LOSE,10,7.0,-1.0,B,0.1431,0.0111,0.7357,0,0,Ran Amok,LOSE,5,6.0,-1.0,Impressor,LOSE,6,12.0,-1.0,Impressor,LOSE,6,12.0,-1.0,Raft Up,LOSE,4,6.0,-1.0
2026-05-18,Carlisle,3.30,2026-05-18_CRL_330,Loki,6.5,Billy No Mates,LOSE,4,15.0,-1.0,B,0.1854,0.0115,0.7736,1,1,As Fast As Wind,PLACE,3,4.0,-1.0,Charlie Darling,LOSE,6,11.0,-1.0,Billy No Mates,LOSE,4,15.0,-1.0,Loki,WIN,1,6.5,5.5
2026-05-18,Carlisle,4.00,,,,,,,,0.0,,,,,1,0,Lunar Melody,UNMATCHED,,,0.0,Wezzeer,UNMATCHED,,,0.0,,,,,0.0,Lunar Melody,UNMATCHED,,,0.0
2026-05-18,Carlisle,4.35,2026-05-18_CRL_435,Mereside Princess,4.5,Mereside Princess,WIN,1,4.5,3.5,B,0.1614,0.0084,0.6135,1,5,Thankfully Simmy,LOSE,6,7.0,-1.0,Mereside Princess,WIN,1,4.5,3.5,,,,,0.0,Thankfully Simmy,LOSE,6,7.0,-1.0
2026-05-18,Carlisle,5.10,2026-05-18_CRL_510,They All Know Me,12.0,Detective,LOSE,10,26.0,-1.0,B,0.1852,0.0132,0.8245,0,0,Native Instinct,LOSE,6,2.75,-1.0,Vince Le Prince,LOSE,5,9.0,-1.0,Native Instinct,LOSE,6,2.75,-1.0,Native Instinct,LOSE,6,2.75,-1.0
2026-05-18,Lingfield,2.20,2026-05-18_Lingfield_220,King'S Hand,5.5,Panama Black,LOSE,8,19.0,-1.0,B,0.1985,0.0115,0.7712,0,1,Dancing Tiger,PLACE,2,4.0,-1.0,Dancing Tiger,PLACE,2,4.0,-1.0,,,,,0.0,Lara,LOSE,6,7.5,-1.0
2026-05-18,Lingfield,2.50,2026-05-18_Lingfield_250,Rogue Empire,5.0,High Favour,DNF,DNF,67.0,0.0,B,0.2026,0.02,0.8391,0,0,Charles Morin,LOSE,10,6.5,-1.0,Balgowan,PLACE,2,3.25,-1.0,,,,,0.0,Balgowan,PLACE,2,3.25,-1.0
2026-05-18,Lingfield,3.20,,,,,,,,0.0,,,,,2,0,Notable Dream,UNMATCHED,,,0.0,Notable Dream,UNMATCHED,,,0.0,,,,,0.0,,,,,0.0
2026-05-18,Lingfield,3.50,,,,,,,,0.0,,,,,1,0,Behike,UNMATCHED,,,0.0,Behike,UNMATCHED,,,0.0,,,,,0.0,Behike,UNMATCHED,,,0.0
2026-05-18,Lingfield,4.22,2026-05-18_Lingfield_422,Twilight Jet,2.38,Recon Mission,LOSE,6,15.0,-1.0,B,0.2998,0.0184,0.9693,0,0,Travel Agent,PLACE,2,8.5,-1.0,Invincible Speed,DNF,DNF,9.0,0.0,Hedge Fund,DNF,DNF,17.0,0.0,Invincible Speed,DNF,DNF,9.0,0.0
2026-05-18,Lingfield,4.57,2026-05-18_Lingfield_457,Adalida,3.0,Adalida,WIN,1,3.0,2.0,C,0.1632,0.0079,0.4658,1,2,Adalida,WIN,1,3.0,2.0,Enter Sandman,DNF,DNF,4.0,0.0,,,,,0.0,Tie Fighter,DNF,DNF,11.0,0.0
2026-05-18,Redcar,1.40,,,,,,,,0.0,,,,,2,0,Kodiak Breeze,UNMATCHED,,,0.0,Kodiak Breeze,UNMATCHED,,,0.0,,,,,0.0,,,,,0.0
2026-05-18,Redcar,2.10,,,,,,,,0.0,,,,,2,0,Revels,UNMATCHED,,,0.0,Revels,UNMATCHED,,,0.0,,,,,0.0,,,,,0.0
2026-05-18,Redcar,2.40,2026-05-18_Redcar_240,Kiss Me My Love,4.5,Electric Lightning,LOSE,10,17.0,-1.0,B,0.1331,0.0095,0.6083,0,0,Kiss Me My Love,WIN,1,4.5,3.5,Up The Jazz,LOSE,6,4.5,-1.0,Chuzzlewit,DNF,DNF,21.0,0.0,Up The Jazz,LOSE,6,4.5,-1.0
2026-05-18,Redcar,3.10,2026-05-18_Redcar_310,Ammoony,2.38,Letmeseethecolts,LOSE,7,29.0,-1.0,A,0.4299,0.0213,0.7374,0,0,Clocker,DNF,DNF,8.0,0.0,Princess Niyla,PLACE,3,4.33,-1.0,,,,,0.0,Ammoony,WIN,1,2.38,1.38
2026-05-18,Redcar,3.40,2026-05-18_Redcar_340,Glory Hyde,3.75,Profiteer,LOSE,11,29.0,-1.0,B,0.1312,0.008,0.6438,0,0,Glory Hyde,WIN,1,3.75,2.75,Get Up Everybody,LOSE,4,5.0,-1.0,,,,,0.0,Taygar,PLACE,2,8.0,-1.0
2026-05-18,Redcar,4.10,2026-05-18_Redcar_410,Maximum Velocity,11.0,Harswell River,PLACE,3,6.0,-1.0,B,0.1978,0.008,0.6236,1,2,Full Gas,LOSE,7,7.5,-1.0,Harswell River,PLACE,3,6.0,-1.0,,,,,0.0,Full Gas,LOSE,7,7.5,-1.0
2026-05-18,Redcar,4.43,2026-05-18_Redcar_443,Black Rock Beauty,9.5,Long Shot,PLACE,2,3.75,-1.0,B,0.1633,0.0069,0.4713,1,3,Black Rock Beauty,WIN,1,9.5,8.5,Long Shot,PLACE,2,3.75,-1.0,,,,,0.0,Realistic Dream,LOSE,9,11.0,-1.0
2026-05-18,Roscommon,4.50,2026-05-18_ROS_450,Mo Anam Chara,2.2,Cosmic Funk,LOSE,4,4.5,-1.0,A,0.3942,0.0405,0.8451,0,1,Mo Anam Chara,WIN,1,2.2,1.2,Star Of Beauty,PLACE,2,3.5,-1.0,,,,,0.0,Funk,LOSE,4,4.5,-1.0
2026-05-18,Roscommon,5.20,,,,,,,,0.0,,,,,2,0,Arizona Raider,UNMATCHED,,,0.0,Arizona Raider,UNMATCHED,,,0.0,,,,,0.0,,,,,0.0
2026-05-18,Roscommon,5.50,2026-05-18_ROS_550,Thrifty Of Digby,12.0,Irish Rumour,LOSE,15,13.0,-1.0,B,0.1412,0.0061,0.3776,1,1,Royal Impact,LOSE,6,4.0,-1.0,Bucaneer's Spirit,PLACE,3,5.5,-1.0,Irish Rumour,LOSE,15,13.0,-1.0,Thrifty Of Digby,WIN,1,12.0,11.0
2026-05-18,Roscommon,6.20,2026-05-18_ROS_620,Huff'N'Puff,4.33,Huff'N'Puff,WIN,1,4.33,3.33,B,0.514,0.0344,0.7724,1,1,Karrygrant,LOSE,4,2.5,-1.0,Karrygrant,LOSE,4,2.5,-1.0,,,,,0.0,Huff'n'puff,WIN,1,4.33,3.33
2026-05-18,Roscommon,6.50,2026-05-18_ROS_650,Sir Jeremy,4.5,Rising Sky,DNF,DNF,17.0,0.0,B,0.2129,0.0143,0.7448,1,1,Kilcrea Rock,LOSE,5,4.33,-1.0,Rising Sky,DNF,DNF,17.0,0.0,Electric Beauty,PLACE,2,7.5,-1.0,Queen Lioness,LOSE,4,11.0,-1.0
2026-05-18,Roscommon,7.20,2026-05-18_ROS_720,Adel,12.0,Wipeawayyourtears,PLACE,3,13.0,-1.0,B,0.2028,0.0231,0.7488,1,1,Admiral Will Brown,LOSE,7,6.0,-1.0,Sea Of Dubka,LOSE,5,5.0,-1.0,,,,,0.0,Wipeawayyourtears,PLACE,3,13.0,-1.0
2026-05-18,Roscommon,7.50,2026-05-18_ROS_750,Superficial,5.0,Cooley'S Mist,LOSE,8,15.0,-1.0,B,0.2101,0.0113,0.678,0,0,Amplitude,PLACE,3,10.0,-1.0,Silent Guardian,LOSE,6,26.0,-1.0,,,,,0.0,Radar Ahead,LOSE,7,12.0,-1.0
2026-05-18,Roscommon,8.20,2026-05-18_ROS_820,Miss Australie,7.0,Cuckaloo Hill,LOSE,11,11.0,-1.0,C,0.132,0.0183,0.4925,1,1,Sayidah New Bay,LOSE,8,9.0,-1.0,Cuckaloo Hill,LOSE,11,11.0,-1.0,,,,,0.0,Miss Australie,WIN,1,7.0,6.0
2026-05-18,Windsor,5.05,,,,,,,,0.0,,,,,1,0,Concert Pitch,UNMATCHED,,,0.0,Concert Pitch,UNMATCHED,,,0.0,,,,,0.0,Bee In Profit,UNMATCHED,,,0.0
2026-05-18,Windsor,5.40,2026-05-18_Windsor_540,Redorange,2.38,Rhythm N Hooves,PLACE,3,6.5,-1.0,B,0.13,0.012,0.6884,0,0,Regal Envoy,PLACE,2,8.5,-1.0,Desert Cop,DNF,DNF,21.0,0.0,All Ways Glamorous,LOSE,9,9.0,-1.0,Regal Envoy,PLACE,2,8.5,-1.0
2026-05-18,Windsor,6.10,,,,,,,,0.0,,,,,2,0,Chimes Of Thunder,UNMATCHED,,,0.0,Withtearsinmyeyes,UNMATCHED,,,0.0,,,,,0.0,,,,,0.0
2026-05-18,Windsor,6.40,2026-05-18_Windsor_640,Lequinto,4.33,Lequinto,WIN,1,4.33,3.33,X,0.1065,0.0049,0.2862,0,1,Sandscreendeliverd,LOSE,5,5.0,-1.0,Sandscreendeliverd,LOSE,5,5.0,-1.0,Rogue Bullet,DNF,DNF,15.0,0.0,Sandscreendeliverd,LOSE,5,5.0,-1.0
2026-05-18,Windsor,7.10,2026-05-18_Windsor_710,Morbeh,3.25,Grey Sands,LOSE,7,26.0,-1.0,B,0.2227,0.0183,0.885,0,0,Any Which Way,PLACE,2,4.0,-1.0,Any Which Way,PLACE,2,4.0,-1.0,Any Which Way,PLACE,2,4.0,-1.0,Any Which Way,PLACE,2,4.0,-1.0
2026-05-18,Windsor,7.40,2026-05-18_Windsor_740,Wisper,6.5,Sir William,PLACE,2,11.0,-1.0,B,0.214,0.0092,0.6682,0,0,Naval Command,LOSE,6,2.88,-1.0,Due To Henry,LOSE,5,4.33,-1.0,Wisper,WIN,1,6.5,5.5,Wisper,WIN,1,6.5,5.5
2026-05-18,Windsor,8.10,2026-05-18_Windsor_810,Yachtsman,13.0,Cape Toronada,PLACE,2,3.5,-1.0,B,0.1673,0.0115,0.7247,0,3,Madman,LOSE,9,7.5,-1.0,Marra Donna,LOSE,5,7.5,-1.0,,,,,0.0,Marra Donna,LOSE,5,7.5,-1.0
2026-05-18,Wolverhampton,6.00,2026-05-18_Wolverhampton_600,Midnight Call,2.75,Powernap,LOSE,5,41.0,-1.0,B,0.2769,0.0153,0.8372,0,0,Magna,PLACE,3,3.25,-1.0,Magna,PLACE,3,3.25,-1.0,,,,,0.0,Magna,PLACE,3,3.25,-1.0
2026-05-18,Wolverhampton,6.30,,,,,,,,0.0,,,,,1,0,American Psycho,UNMATCHED,,,0.0,Agamemnon,UNMATCHED,,,0.0,,,,,0.0,Undercover Affair,UNMATCHED,,,0.0
2026-05-18,Wolverhampton,7.00,,,,,,,,0.0,,,,,1,0,Mountain Cat,UNMATCHED,,,0.0,Mountain Cat,UNMATCHED,,,0.0,,,,,0.0,Mountain Cat,UNMATCHED,,,0.0
2026-05-18,Wolverhampton,7.30,2026-05-18_Wolverhampton_730,Estissa,8.5,Lyra Lea,LOSE,4,26.0,-1.0,A,0.3855,0.0154,0.8219,1,2,Symbol Of Majesty,LOSE,5,2.2,-1.0,Symbol Of Majesty,LOSE,5,2.2,-1.0,Lyra Lea,LOSE,4,26.0,-1.0,City Queen,PLACE,3,2.62,-1.0
2026-05-18,Wolverhampton,8.00,2026-05-18_Wolverhampton_800,Bizou,3.75,Silkies Sib,PLACE,3,7.0,-1.0,B,0.2632,0.0137,0.9454,0,0,Karakula,PLACE,2,4.33,-1.0,The Ubermensch,LOSE,4,6.5,-1.0,,,,,0.0,Stipulation,LOSE,8,12.0,-1.0
2026-05-18,Wolverhampton,8.30,2026-05-18_Wolverhampton_830,Espona Bay,11.0,Dontwaste A Moment,LOSE,10,9.5,-1.0,C,0.1561,0.008,0.463,0,0,Court Of Stars,PLACE,2,2.5,-1.0,Horwich,LOSE,4,23.0,-1.0,,,,,0.0,Court Of Stars,PLACE,2,2.5,-1.0
2026-05-18,Wolverhampton,9.00,2026-05-18_Wolverhampton_900,Kelly Burn,2.75,Kelly Burn,WIN,1,2.75,1.75,B,0.2882,0.015,0.8246,2,7,Desert Belle,LOSE,4,2.5,-1.0,Kelly Burn,WIN,1,2.75,1.75,,,,,0.0,Kelly Burn,WIN,1,2.75,1.75
2026-05-19,Cork,4.40,,,,,,,,0.0,,,,,0,0,Belle Of The Ball,UNMATCHED,,,0.0,Belle Of The Ball,UNMATCHED,,,0.0,Alaskan Bear,UNMATCHED,,,0.0,Bear,UNMATCHED,,,0.0
2026-05-19,Cork,5.12,2026-05-19_Cork_512,Allsortz,7.0,Joyful Tidings,PLACE,2,9.0,-1.0,B,0.1788,0.012,0.6558,0,0,Bad Boy Rizz,PLACE,3,4.0,-1.0,Bad Boy Rizz,PLACE,3,4.0,-1.0,Bad Boy Rizz,PLACE,3,4.0,-1.0,Allsortz,WIN,1,7.0,6.0
2026-05-19,Cork,5.42,2026-05-19_Cork_542,Jordan Breeze,4.0,Steel Magnolia,PLACE,3,4.33,-1.0,B,0.203,0.0276,0.6666,1,1,Whatswrongnow,PLACE,2,4.33,-1.0,Jered Maddox,DNF,DNF,15.0,0.0,,,,,0.0,Steel Magnolia,PLACE,3,4.33,-1.0
2026-05-19,Cork,6.12,,,,,,,,0.0,,,,,2,0,Hanney Boy,UNMATCHED,,,0.0,Star Glory,UNMATCHED,,,0.0,,,,,0.0,,,,,0.0
2026-05-19,Cork,6.42,,,,Al Haarith,UNMATCHED,,,0.0,X,1.0,0.1387,0.8738,4,4,Al Haarith,UNMATCHED,,,0.0,Al Haarith,UNMATCHED,,,0.0,Al Haarith,UNMATCHED,,,0.0,Al Haarith,UNMATCHED,,,0.0
2026-05-19,Cork,7.12,2026-05-19_Cork_712,L L Koulsty,4.5,Goal Exceeded,PLACE,3,4.0,-1.0,B,0.2262,0.0153,0.8379,3,4,Goal Exceeded,PLACE,3,4.0,-1.0,Goal Exceeded,PLACE,3,4.0,-1.0,Goal Exceeded,PLACE,3,4.0,-1.0,Gleneagle Bay,LOSE,5,4.0,-1.0
2026-05-19,Cork,7.42,2026-05-19_Cork_742,Carmel'S Phoenix,6.0,Carmel'S Phoenix,WIN,1,6.0,5.0,A,0.923,0.3019,0.8653,0,0,Sangreal,PLACE,3,2.88,-1.0,Sangreal,PLACE,3,2.88,-1.0,,,,,0.0,,,,,0.0
2026-05-19,Cork,8.12,2026-05-19_Cork_812,Deuteronomy,23.0,Highway Sixty One,DNF,DNF,21.0,0.0,C,0.1261,0.0061,0.3201,0,0,Khormor Syd,DNF,DNF,5.0,0.0,Starting Monday,LOSE,5,13.0,-1.0,,,,,0.0,Hosanna Power,LOSE,7,5.5,-1.0
2026-05-19,Hexham,5.50,2026-05-19_Hexham_550,Jeteye,13.0,Watchoutitscookie,LOSE,7,7.5,-1.0,B,0.2065,0.0165,0.8589,0,1,My Boy Christy,PLACE,3,2.38,-1.0,Jeteye,WIN,1,13.0,12.0,Jeteye,WIN,1,13.0,12.0,Shighness,DNF,DNF,17.0,0.0
2026-05-19,Hexham,6.20,2026-05-19_Hexham_620,Conquer The Breeze,1.67,Conquer The Breeze,WIN,1,1.67,0.67,B,0.2534,0.0347,0.9517,3,10,Conquer The Breeze,WIN,1,1.67,0.67,Conquer The Breeze,WIN,1,1.67,0.67,Chapel Green,DNF,DNF,6.0,0.0,Conquer The Breeze,WIN,1,1.67,0.67
2026-05-19,Hexham,6.50,2026-05-19_Hexham_650,Passengerontheship,5.5,Lewa House,DNF,DNF,15.0,0.0,B,0.3093,0.0173,0.9566,0,0,Scairp Dubh,PLACE,3,2.2,-1.0,Scairp Dubh,PLACE,3,2.2,-1.0,,,,,0.0,Scairp Dubh,PLACE,3,2.2,-1.0
2026-05-19,Hexham,7.20,2026-05-19_Hexham_720,West Lawn,11.0,Milan Milos,DNF,DNF,5.0,0.0,A,0.3244,0.0617,0.9935,2,3,Katie's Melody,DNF,DNF,2.5,0.0,Killybegs Jet Lady,DNF,DNF,6.0,0.0,Milan Milos,DNF,DNF,5.0,0.0,Milan Milos,DNF,DNF,5.0,0.0
2026-05-19,Hexham,7.50,,,,Passing Diamond,UNMATCHED,,,0.0,X,1.0,0.1387,0.9728,3,6,Passing Diamond,UNMATCHED,,,0.0,Passing Diamond,UNMATCHED,,,0.0,Passing Diamond,UNMATCHED,,,0.0,,,,,0.0
2026-05-19,Hexham,8.20,2026-05-19_Hexham_820,Banderas,12.0,Well Educated,PLACE,2,41.0,-1.0,B,0.1783,0.0132,0.8219,0,0,Thewoodcorner,DNF,DNF,2.0,0.0,Sunset Hill,PLACE,3,6.5,-1.0,Divilabother,LOSE,6,6.0,-1.0,Thewoodcorner,DNF,DNF,2.0,0.0
2026-05-19,Hexham,8.50,2026-05-19_Hexham_850,Fine Point,4.5,King Kodiak,LOSE,7,19.0,-1.0,B,0.1918,0.0146,0.8287,0,0,Fine Point,WIN,1,4.5,3.5,Fine Point,WIN,1,4.5,3.5,,,,,0.0,Malangen,PLACE,3,4.33,-1.0
2026-05-19,Huntingdon,6.00,,,,Crackalackin,UNMATCHED,,,0.0,X,1.0,0.1387,0.987,0,0,Edelak,UNMATCHED,,,0.0,Edelak,UNMATCHED,,,0.0,,,,,0.0,,,,,0.0
2026-05-19,Huntingdon,6.30,2026-05-19_Huntingdon_630,Jack Doyen,3.75,Pleasure Garden,LOSE,4,12.0,-1.0,B,0.324,0.0222,0.9812,0,0,Jack Doyen,WIN,1,3.75,2.75,Jack Doyen,WIN,1,3.75,2.75,,,,,0.0,Kapamazov,PLACE,3,3.0,-1.0
2026-05-19,Huntingdon,7.00,2026-05-19_Huntingdon_700,Ride Like A Girl,4.0,Klervia,LOSE,5,9.5,-1.0,B,0.2724,0.0157,0.9355,0,0,Miracles Do Happen,LOSE,8,4.33,-1.0,Callin Baton Rouge,PLACE,3,4.5,-1.0,,,,,0.0,Callin Baton Rouge,PLACE,3,4.5,-1.0
2026-05-19,Huntingdon,7.30,2026-05-19_Huntingdon_730,Sunray Shadow,2.5,Gasmani,DNF,DNF,9.0,0.0,B,0.1958,0.0115,0.5838,0,0,Ballintubber Boy,LOSE,6,6.5,-1.0,Tiger Orchid,PLACE,3,7.5,-1.0,Ballintubber Boy,LOSE,6,6.5,-1.0,Ballintubber Boy,LOSE,6,6.5,-1.0
2026-05-19,Huntingdon,8.00,2026-05-19_Huntingdon_800,Ice Jet,1.3,Ice Jet,WIN,1,1.3,0.3,A,0.5138,0.0515,0.9987,4,13,Ice Jet,WIN,1,1.3,0.3,Ice Jet,WIN,1,1.3,0.3,Ice Jet,WIN,1,1.3,0.3,Ice Jet,WIN,1,1.3,0.3
2026-05-19,Huntingdon,8.30,,,,On Lovers Walk,UNMATCHED,,,0.0,X,1.0,0.1387,0.9843,0,2,Whats The Solution,UNMATCHED,,,0.0,Whats The Solution,UNMATCHED,,,0.0,Whats The Solution,UNMATCHED,,,0.0,Whats The Solution,UNMATCHED,,,0.0
2026-05-19,Lingfield,2.10,2026-05-19_Lingfield_210,Hengest,1.83,Big Bear Hug,PLACE,3,5.0,-1.0,B,0.1632,0.0044,0.4193,0,0,Hengest,WIN,1,1.83,0.83,Pleasant Man,LOSE,7,8.5,-1.0,,,,,0.0,Hengest,WIN,1,1.83,0.83
2026-05-19,Lingfield,2.40,2026-05-19_Lingfield_240,Vidmiyr,1.33,Vidmiyr,WIN,1,1.33,0.33,A,0.5489,0.0511,0.9006,3,12,Vidmiyr,WIN,1,1.33,0.33,Vidmiyr,WIN,1,1.33,0.33,,,,,0.0,Vidmiyr,WIN,1,1.33,0.33
2026-05-19,Lingfield,3.10,2026-05-19_Lingfield_310,Whiteley Way,5.5,Huntly Lodge,LOSE,7,41.0,-1.0,C,0.1264,0.0072,0.4817,0,0,Whiteley Way,WIN,1,5.5,4.5,Man Is King,LOSE,4,4.0,-1.0,,,,,0.0,Whiteley Way,WIN,1,5.5,4.5
2026-05-19,Lingfield,3.40,2026-05-19_Lingfield_340,No Gain,1.73,No Gain,WIN,1,1.73,0.73,B,0.1825,0.0118,0.7494,2,9,No Gain,WIN,1,1.73,0.73,No Gain,WIN,1,1.73,0.73,,,,,0.0,Joycean Way,LOSE,8,19.0,-1.0
2026-05-19,Lingfield,4.10,2026-05-19_Lingfield_410,Thanos,3.75,Poetic Grace,PLACE,3,6.0,-1.0,B,0.1724,0.0111,0.5932,0,1,Based,LOSE,7,3.75,-1.0,Based,LOSE,7,3.75,-1.0,,,,,0.0,Based,LOSE,7,3.75,-1.0
2026-05-19,Lingfield,4.45,2026-05-19_Lingfield_445,Tronido,4.33,Reidh,LOSE,9,6.0,-1.0,B,0.2229,0.0215,0.7714,3,4,Reidh,LOSE,9,6.0,-1.0,Francisco,LOSE,6,6.5,-1.0,Reidh,LOSE,9,6.0,-1.0,Reidh,LOSE,9,6.0,-1.0
2026-05-19,Lingfield,5.20,2026-05-19_Lingfield_520,My Boy Harry,8.5,Beau Jardine,LOSE,4,12.0,-1.0,B,0.2336,0.0183,0.873,1,1,My Mate Kev,LOSE,7,2.5,-1.0,Giant,LOSE,10,4.33,-1.0,Beau Jardine,LOSE,4,12.0,-1.0,My Boy Harry,WIN,1,8.5,7.5
2026-05-19,Lingfield,5.55,2026-05-19_Lingfield_555,Silky Robin,6.0,Harry Brown,DNF,DNF,6.0,0.0,B,0.1505,0.008,0.7202,0,0,Cameley Days,PLACE,2,2.38,-1.0,Desdemona,DNF,DNF,15.0,0.0,,,,,0.0,Cameley Days,PLACE,2,2.38,-1.0
2026-05-19,Newcastle,2.30,2026-05-19_Newcastle_230,Edwardtheninth,2.5,Edwardtheninth,WIN,1,2.5,1.5,B,0.2198,0.0091,0.675,2,3,Edwardtheninth,WIN,1,2.5,1.5,Star Of Jupiter,LOSE,5,5.5,-1.0,,,,,0.0,Edwardtheninth,WIN,1,2.5,1.5
2026-05-19,Newcastle,3.00,,,,Littlecote,UNMATCHED,,,0.0,X,1.0,0.1387,0.8559,3,9,Littlecote,UNMATCHED,,,0.0,Littlecote,UNMATCHED,,,0.0,,,,,0.0,Littlecote,UNMATCHED,,,0.0
2026-05-19,Newcastle,3.30,,,,,,,,0.0,,,,,2,0,Martial Order,UNMATCHED,,,0.0,Caeruleus,UNMATCHED,,,0.0,,,,,0.0,,,,,0.0
2026-05-19,Newcastle,4.00,,,,Gold Digger,UNMATCHED,,,0.0,X,1.0,0.1387,0.8271,2,6,Gold Digger,UNMATCHED,,,0.0,Zain Primus,UNMATCHED,,,0.0,,,,,0.0,Gold Digger,UNMATCHED,,,0.0
2026-05-19,Newcastle,4.35,2026-05-19_Newcastle_435,Houndhill,4.0,Mystical Land,LOSE,4,12.0,-1.0,X,0.1216,0.0059,0.3916,0,0,Oasis Cover,LOSE,10,5.0,-1.0,Golden Havana,PLACE,3,8.0,-1.0,,,,,0.0,Golden Havana,PLACE,3,8.0,-1.0
2026-05-19,Newcastle,5.05,2026-05-19_Newcastle_505,Fizzy Cristal,12.0,Annie Edson Taylor,LOSE,6,7.5,-1.0,B,0.2081,0.008,0.3828,2,3,Annie Edson Taylor,LOSE,6,7.5,-1.0,Annie Edson Taylor,LOSE,6,7.5,-1.0,,,,,0.0,Hen Party,PLACE,2,3.75,-1.0
2026-05-19,Newcastle,5.35,2026-05-19_Newcastle_535,King'S School,6.0,Cusack,DNF,DNF,34.0,0.0,C,0.1034,0.0072,0.548,0,0,King's School,WIN,1,6.0,5.0,King's School,WIN,1,6.0,5.0,Criminal Shore,LOSE,4,9.5,-1.0,Criminal Shore,LOSE,4,9.5,-1.0
2026-05-19,Nottingham,2.20,,,,Runman,UNMATCHED,,,0.0,X,1.0,0.1387,0.8663,0,2,Adamlyi,UNMATCHED,,,0.0,Adamlyi,UNMATCHED,,,0.0,Mountain,UNMATCHED,,,0.0,,,,,0.0
2026-05-19,Nottingham,2.50,,,,,,,,0.0,,,,,2,0,Bay Royale,UNMATCHED,,,0.0,Bay Royale,UNMATCHED,,,0.0,,,,,0.0,,,,,0.0
2026-05-19,Nottingham,3.20,2026-05-19_Nottingham_320,Mohaab,10.0,Lady Lauren,LOSE,5,21.0,-1.0,B,0.144,0.0074,0.4705,0,0,Sports Day,LOSE,6,3.75,-1.0,Sports Day,LOSE,6,3.75,-1.0,,,,,0.0,Sports Day,LOSE,6,3.75,-1.0
2026-05-19,Nottingham,3.50,2026-05-19_Nottingham_350,Rosa Inglesa,4.0,Domination,LOSE,4,9.0,-1.0,B,0.1789,0.0115,0.528,0,2,Capichera,PLACE,2,3.75,-1.0,Capichera,PLACE,2,3.75,-1.0,Chapter,LOSE,6,11.0,-1.0,Capichera,PLACE,2,3.75,-1.0
2026-05-19,Nottingham,4.20,2026-05-19_Nottingham_420,Wondrous Light,5.0,Pretty Spirited,LOSE,12,12.0,-1.0,B,0.1958,0.0113,0.7314,0,0,Porth Eilian,DNF,DNF,11.0,0.0,Wondrous Light,WIN,1,5.0,4.0,,,,,0.0,Wondrous Light,WIN,1,5.0,4.0
2026-05-19,Nottingham,4.55,2026-05-19_Nottingham_455,Sonic Si,3.75,Timebar,LOSE,8,13.0,-1.0,C,0.1133,0.0084,0.5352,0,0,Irish Dancer,DNF,DNF,4.0,0.0,Irish Dancer,DNF,DNF,4.0,0.0,,,,,0.0,Sonic Si,WIN,1,3.75,2.75
2026-05-20,Ayr,1.42,rp_AYR_20260520_1.42,Ruler's Pride,1.3,Ruler'S Pride,WIN,1,1.3,0.3,A,0.6546,0.328,0.8581,1,8,Ruler's Pride,WIN,1,1.3,0.3,Quiet Soul,LOSE,,,-1.0,,,,,0.0,,,,,0.0
2026-05-20,Ayr,2.12,rp_AYR_20260520_2.12,Jet Warrior,7.5,Classy Clarets,PLACE,3,3.0,-1.0,B,0.169,0.0537,0.6051,2,7,Wee Mary,LOSE,,,-1.0,Classy Clarets,PLACE,3,3.0,-1.0,,,,,0.0,Classy Clarets,PLACE,3,3.0,-1.0
2026-05-20,Ayr,2.42,rp_AYR_20260520_2.42,Footwork,5.0,Pearl Eye,LOSE,,,-1.0,X,0.0915,0.0623,0.5843,4,7,Pearl Eye,LOSE,,,-1.0,Pearl Eye,LOSE,,,-1.0,Pearl Eye,LOSE,,,-1.0,Pearl Eye,LOSE,,,-1.0
2026-05-20,Ayr,3.12,rp_AYR_20260520_3.12,Military Girl,3.25,Thunderstorm Katie,PLACE,2,2.1,-1.0,B,0.148,0.0575,0.6438,2,6,Thunderstorm Katie,PLACE,2,2.1,-1.0,Thunderstorm Katie,PLACE,2,2.1,-1.0,,,,,0.0,Military Girl,WIN,1,3.25,2.25
2026-05-20,Ayr,3.42,rp_AYR_20260520_3.42,Geo,13.0,Return To Unit,LOSE,,,-1.0,X,0.0945,0.0788,0.6304,1,6,Return To Unit,LOSE,,,-1.0,Hale End,PLACE,2,2.88,-1.0,Penelope's Sister,LOSE,,,-1.0,Sir Paul Ramsey,LOSE,,,-1.0
2026-05-20,Ayr,4.12,rp_AYR_20260520_4.12,Roaring Ralph,5.5,Al Muqdad,PLACE,3,5.5,-1.0,C,0.1383,0.0256,0.502,0,2,Royal Blaze,LOSE,,,-1.0,Kelpie Grey,LOSE,,,-1.0,Kelpie Grey,LOSE,,,-1.0,Kelpie Grey,LOSE,,,-1.0
2026-05-20,Ayr,4.42,rp_AYR_20260520_4.42,Native Honey,5.0,Habrdi,PLACE,3,9.5,-1.0,C,0.1152,0.0341,0.502,1,3,Great,LOSE,,,-1.0,Habrdi,PLACE,3,9.5,-1.0,Rwenearlytheredad,LOSE,,,-1.0,Tattie Bogle,PLACE,2,4.5,-1.0
2026-05-20,Ayr,5.15,rp_AYR_20260520_5.15,Glorious Kitty,5.5,Wolf Of Badenoch,PLACE,3,2.38,-1.0,B,0.1456,0.1023,0.7191,2,8,Wolf Of Badenoch,PLACE,3,2.38,-1.0,Mwafaq,PLACE,2,5.5,-1.0,,,,,0.0,Wolf Of Badenoch,PLACE,3,2.38,-1.0
2026-05-20,Ffos Las,2.50,rp_FFO_20260520_2.50,October Hill,11.0,Lion Of The Desert,LOSE,,,-1.0,B,0.1904,0.0358,0.7034,1,2,Red Rubio,PLACE,2,2.62,-1.0,Lion Of The Desert,LOSE,,,-1.0,,,,,0.0,,,,,0.0
2026-05-20,Ffos Las,3.20,rp_FFO_20260520_3.20,The Flaggy Shore,2.5,Kenobi,LOSE,,,-1.0,B,0.4014,0.0033,0.292,0,0,One Knight,LOSE,,,-1.0,One Knight,LOSE,,,-1.0,,,,,0.0,One Knight,LOSE,,,-1.0
2026-05-20,Ffos Las,3.50,rp_FFO_20260520_3.50,Green Asset,6.5,Green Asset,WIN,1,6.5,5.5,C,0.1616,0.0374,0.5421,0,3,Good Girl Rachel,LOSE,,,-1.0,Glenmuick,LOSE,,,-1.0,,,,,0.0,Glenmuick,LOSE,,,-1.0
2026-05-20,Ffos Las,4.20,rp_FFO_20260520_4.20,Loki's Mischief,2.75,Loki'S Mischief,WIN,1,2.75,1.75,B,0.3417,0.1277,0.9325,3,9,Loki's Mischief,WIN,1,2.75,1.75,Jack's Jury,LOSE,,,-1.0,Loki's Mischief,WIN,1,2.75,1.75,Loki's Mischief,WIN,1,2.75,1.75
2026-05-20,Ffos Las,4.50,rp_FFO_20260520_4.50,Lynsey Larue,10.0,Bridget Mary,LOSE,,,-1.0,B,0.2965,0.1507,0.8471,2,9,Bridget Mary,LOSE,,,-1.0,O'Grady's Hill,LOSE,,,-1.0,Shesupincourt,LOSE,,,-1.0,Bridget Mary,LOSE,,,-1.0
2026-05-20,Ffos Las,5.22,rp_FFO_20260520_5.22,Kates Choice,5.0,Barafundle Bay,LOSE,,,-1.0,C,0.1973,0.0254,0.4866,0,0,Forest Spirit,PLACE,2,3.75,-1.0,Forest Spirit,PLACE,2,3.75,-1.0,,,,,0.0,Mystical Mabel,LOSE,,,-1.0
2026-05-20,Gowran Park,5.10,rp_GOW_20260520_5.10,Gloriously Glam,5.5,Independent Expert,LOSE,,,-1.0,B,0.2012,0.0653,0.434,1,1,Independent Expert,LOSE,,,-1.0,Gloriously Glam,WIN,1,5.5,4.5,Expert,LOSE,,,-1.0,Expert,LOSE,,,-1.0
2026-05-20,Gowran Park,5.45,rp_GOW_20260520_5.45,Sanctijude,2.75,Fleur De Provence,PLACE,2,3.75,-1.0,B,0.2406,0.0986,0.4955,2,3,Fleur De Provence,PLACE,2,3.75,-1.0,Sanctijude,WIN,1,2.75,1.75,Sanctijude,WIN,1,2.75,1.75,Fleur De Provence,PLACE,2,3.75,-1.0
2026-05-20,Gowran Park,6.20,rp_GOW_20260520_6.20,Rolltight,2.1,Big Cypress,PLACE,3,5.0,-1.0,B,0.2068,0.0332,0.4341,4,4,Big Cypress,PLACE,3,5.0,-1.0,Big Cypress,PLACE,3,5.0,-1.0,Big Cypress,PLACE,3,5.0,-1.0,Big Cypress,PLACE,3,5.0,-1.0
2026-05-20,Gowran Park,6.50,rp_GOW_20260520_6.50,Ballymagreehan,5.0,Mythical Rock,LOSE,,,-1.0,C,0.1402,0.0335,0.4258,0,0,Alto Sax,LOSE,4,3.75,-1.0,Staywitherjohnny,LOSE,,,-1.0,,,,,0.0,Staywitherjohnny,LOSE,,,-1.0
2026-05-20,Gowran Park,7.20,rp_GOW_20260520_7.20,Sparan Nua,3.0,Sparan Nua,WIN,1,3.0,2.0,B,0.2717,0.1176,0.936,2,2,Sparan Nua,WIN,1,3.0,2.0,Lady Mairen,LOSE,,,-1.0,,,,,0.0,Sparan Nua,WIN,1,3.0,2.0
2026-05-20,Gowran Park,7.50,rp_GOW_20260520_7.50,Earthsong,5.5,Sonic Invader,PLACE,3,9.0,-1.0,C,0.1988,0.0226,0.384,0,0,Celtic Druid,LOSE,,,-1.0,Whats New,LOSE,,,-1.0,,,,,0.0,Master Sydney,LOSE,,,-1.0
2026-05-20,Gowran Park,8.20,,,,Jurality,UNMATCHED,,,0.0,C,0.1709,0.0242,0.4031,0,0,Mephisto,UNMATCHED,,,0.0,Mephisto,UNMATCHED,,,0.0,,,,,0.0,Mephisto,UNMATCHED,,,0.0
2026-05-20,Warwick,2.30,rp_WAR_20260520_2.30,Rebel Tribesman,1.33,Rebel Tribesman,WIN,1,1.33,0.33,B,0.1594,0.174,0.8128,3,9,Rebel Tribesman,WIN,1,1.33,0.33,Rebel Tribesman,WIN,1,1.33,0.33,,,,,0.0,Rebel Tribesman,WIN,1,1.33,0.33
2026-05-20,Warwick,3.00,rp_WAR_20260520_3.00,Yes And Yes,5.0,Tom Desjy,PLACE,2,1.8,-1.0,B,0.1959,0.1291,0.7991,2,8,Tom Desjy,PLACE,2,1.8,-1.0,Edgewell,LOSE,,,-1.0,,,,,0.0,Tom Desjy,PLACE,2,1.8,-1.0
2026-05-20,Warwick,3.30,rp_WAR_20260520_3.30,Rangatira Jack,3.25,Full Force Gale,LOSE,,,-1.0,A,0.337,0.1963,0.966,2,10,Full Force Gale,LOSE,,,-1.0,Jack Doyen,LOSE,,,-1.0,Rangatira Jack,WIN,1,3.25,2.25,Full Force Gale,LOSE,,,-1.0
2026-05-20,Warwick,4.00,rp_WAR_20260520_4.00,Il Va De Soi,4.0,Crest Of Stars,LOSE,,,-1.0,B,0.2275,0.0575,0.7071,0,1,Jimmy Hurdstrom,LOSE,,,-1.0,Il Va De Soi,WIN,1,4.0,3.0,King Of The Road,LOSE,,,-1.0,Il Va De Soi,WIN,1,4.0,3.0
2026-05-20,Warwick,4.30,rp_WAR_20260520_4.30,Allibaba,4.0,Allibaba,WIN,1,4.0,3.0,B,0.1854,0.1291,0.8064,2,6,Allibaba,WIN,1,4.0,3.0,Louie The Legend,LOSE,,,-1.0,,,,,0.0,Allibaba,WIN,1,4.0,3.0
2026-05-20,Warwick,5.00,rp_WAR_20260520_5.00,Brendas Asking,5.5,Mojito Des Mottes,LOSE,,,-1.0,B,0.1321,0.0568,0.6051,1,8,Mojito Des Mottes,LOSE,,,-1.0,High Fibre,LOSE,,,-1.0,Kingston Sunflower,LOSE,,,-1.0,Brendas Asking,WIN,1,5.5,4.5
2026-05-20,Yarmouth,5.35,rp_YAR_20260520_5.35,Havana Lightning,4.0,Havana Sprite,PLACE,2,1.67,-1.0,A,0.3421,0.1231,0.6042,3,10,Havana Sprite,PLACE,2,1.67,-1.0,Sprite,PLACE,2,1.67,-1.0,Havana Sprite,PLACE,2,1.67,-1.0,Havana Sprite,PLACE,2,1.67,-1.0
2026-05-20,Yarmouth,6.10,rp_YAR_20260520_6.10,Peaceful Warrior,6.5,Rogue Imperial,LOSE,,,-1.0,B,0.1892,0.0537,0.3398,0,6,Peaceful Warrior,WIN,1,6.5,5.5,Conciliate,LOSE,,,-1.0,,,,,0.0,,,,,0.0
2026-05-20,Yarmouth,6.40,rp_YAR_20260520_6.40,Jack Sparowe,10.0,Goldie Trickett,LOSE,,,-1.0,C,0.1655,0.0356,0.5192,0,3,Law Supreme,LOSE,,,-1.0,Jack Sparowe,WIN,1,10.0,9.0,,,,,0.0,Jack Sparowe,WIN,1,10.0,9.0
2026-05-20,Yarmouth,7.10,rp_YAR_20260520_7.10,Iwantmytimewithyou,2.62,Iwantmytimewithyou,WIN,1,2.62,1.62,B,0.251,0.0768,0.8626,0,3,Golden Garden,LOSE,,,-1.0,Betelgeuse,LOSE,,,-1.0,,,,,0.0,Betelgeuse,LOSE,,,-1.0
2026-05-20,Yarmouth,7.40,rp_YAR_20260520_7.40,Tilani,3.12,Tilani,WIN,1,3.12,2.12,B,0.1952,0.0575,0.6438,2,6,Tilani,WIN,1,3.12,2.12,Timely Affair,PLACE,3,8.5,-1.0,,,,,0.0,Tilani,WIN,1,3.12,2.12
2026-05-20,Yarmouth,8.10,rp_YAR_20260520_8.10,Berry Clever,3.25,Tennessee Gold,LOSE,,,-1.0,B,0.4361,0.0132,0.3473,1,2,Rogue Allegiance,PLACE,2,6.0,-1.0,Berry Clever,WIN,1,3.25,2.25,Ziggy's Condor,LOSE,,,-1.0,Tennessee Gold,LOSE,,,-1.0
2026-05-21,Catterick,2.10,rp_CAT_20260521_2.10,The Tunguska Event,4.33,Hallandale Beach,LOSE,,,-1.0,B,0.2546,0.0449,0.767,0,1,Yachtsman,LOSE,,,-1.0,The Tunguska Event,WIN,1,4.33,3.33,,,,,0.0,Tunguska Event,WIN,1,4.33,3.33
2026-05-21,Catterick,2.40,rp_CAT_20260521_2.40,Rouane,1.44,Rouane,WIN,1,1.44,0.44,A,0.5089,0.194,0.8183,2,11,Rouane,WIN,1,1.44,0.44,Rouane,WIN,1,1.44,0.44,,,,,0.0,,,,,0.0
2026-05-21,Catterick,3.10,rp_CAT_20260521_3.10,Evocative Spark,5.0,Safari Dream,LOSE,,,-1.0,B,0.1395,0.0797,0.6941,1,8,Safari Dream,LOSE,,,-1.0,Moostar,PLACE,2,6.5,-1.0,Ingleby Archie,LOSE,,,-1.0,Crocodile Power,LOSE,,,-1.0
2026-05-21,Catterick,3.40,rp_CAT_20260521_3.40,Analogical,3.5,Made All,LOSE,,,-1.0,B,0.306,0.0242,0.7278,0,1,Nightsinwhitesatin,LOSE,,,-1.0,Nightsinwhitesatin,LOSE,,,-1.0,Percy's Daydream,LOSE,,,-1.0,Nightsinwhitesatin,LOSE,,,-1.0
2026-05-21,Catterick,4.15,rp_CAT_20260521_4.15,Lope Y Linda,10.0,Hood Wink,LOSE,,,-1.0,C,0.17,0.0335,0.5356,2,4,Musical Soldier,LOSE,,,-1.0,Hood Wink,LOSE,,,-1.0,,,,,0.0,Hood Wink,LOSE,,,-1.0
2026-05-21,Catterick,4.50,rp_CAT_20260521_4.50,Filey Beach,2.2,Filey Beach,WIN,1,2.2,1.2,B,0.1734,0.0623,0.5748,3,12,Filey Beach,WIN,1,2.2,1.2,Filey Beach,WIN,1,2.2,1.2,,,,,0.0,Filey Beach,WIN,1,2.2,1.2
2026-05-21,Catterick,5.27,rp_CAT_20260521_5.27,Velvet Rhythm,2.0,Velvet Rhythm,WIN,1,2.0,1.0,B,0.2272,0.1291,0.8064,2,7,Velvet Rhythm,WIN,1,2.0,1.0,Homestrait,PLACE,2,8.0,-1.0,,,,,0.0,Velvet Rhythm,WIN,1,2.0,1.0
2026-05-21,Chepstow,5.30,rp_CHP_20260521_5.30,My A'ali Baba,15.0,Green Titan,LOSE,,,-1.0,X,0.109,0.0392,0.2434,1,6,Issy's Gift,LOSE,,,-1.0,Green Titan,LOSE,,,-1.0,,,,,0.0,,,,,0.0
2026-05-21,Chepstow,6.05,rp_CHP_20260521_6.05,Betsen,4.0,Em Four,LOSE,,,-1.0,B,0.1765,0.0601,0.7399,2,11,Marching Mac,LOSE,,,-1.0,So Smart,LOSE,,,-1.0,Em Four,LOSE,,,-1.0,Em Four,LOSE,,,-1.0
2026-05-21,Chepstow,6.40,rp_CHP_20260521_6.40,My Mate Mackley,13.0,Boston Max,WIN,1,2.38,1.38,B,0.3315,0.1173,0.9077,3,9,Boston Max,WIN,1,2.38,1.38,Boston Max,WIN,1,2.38,1.38,,,,,0.0,Boston Max,WIN,1,2.38,1.38
2026-05-21,Chepstow,7.10,rp_CHP_20260521_7.10,Dapper Gee Gee,3.5,Opening Bat,LOSE,,,-1.0,B,0.1121,0.0788,0.6379,0,1,Romanovich,LOSE,,,-1.0,Romanovich,LOSE,,,-1.0,,,,,0.0,Romanovich,LOSE,,,-1.0
2026-05-21,Chepstow,7.40,rp_CHP_20260521_7.40,Autumn Angel,5.5,Dragon God,LOSE,,,-1.0,C,0.1286,0.0239,0.4298,0,4,Dancing With Drums,PLACE,3,5.5,-1.0,Autumn Angel,WIN,1,5.5,4.5,,,,,0.0,Dancing With Drums,PLACE,3,5.5,-1.0
2026-05-21,Chepstow,8.10,rp_CHP_20260521_8.10,Battle Of Maldon,5.5,Windbreaker,LOSE,,,-1.0,B,0.2759,0.1064,0.5847,1,7,Windbreaker,LOSE,,,-1.0,Hapiness,PLACE,2,4.0,-1.0,,,,,0.0,,,,,0.0
2026-05-21,Chepstow,8.40,rp_CHP_20260521_8.40,The Green Mile,12.0,River King,PLACE,2,1.62,-1.0,B,0.2065,0.1572,0.8554,1,7,River King,PLACE,2,1.62,-1.0,Robbo,LOSE,,,-1.0,Robbo,LOSE,,,-1.0,Alcaraz,LOSE,,,-1.0
2026-05-21,Haydock,2.00,rp_HAY_20260521_2.00,Torcello,3.75,Dreams Adozen,LOSE,,,-1.0,B,0.2064,0.0797,0.6941,1,3,Dreams Adozen,LOSE,,,-1.0,Maw,LOSE,,,-1.0,Ebony Maw,LOSE,,,-1.0,Ebony Maw,LOSE,,,-1.0
2026-05-21,Haydock,2.30,rp_HAY_20260521_2.30,Outback Legend,4.2,Scarlet Legend,PLACE,3,1.67,-1.0,B,0.257,0.1481,0.704,2,10,Scarlet Legend,PLACE,3,1.67,-1.0,Scarlet Legend,PLACE,3,1.67,-1.0,,,,,0.0,,,,,0.0
2026-05-21,Haydock,3.00,rp_HAY_20260521_3.00,Secret Of Life,2.62,Secret Of Life,WIN,1,2.62,1.62,B,0.2302,0.0797,0.4393,2,7,Secret Of Life,WIN,1,2.62,1.62,Secret Of Life,WIN,1,2.62,1.62,,,,,0.0,,,,,0.0
2026-05-21,Haydock,3.30,rp_HAY_20260521_3.30,Euphonia,7.5,Lion Of Mali,LOSE,,,-1.0,C,0.1132,0.0539,0.5497,0,4,Eduardo Calderon,LOSE,,,-1.0,Supreme Clarets,LOSE,,,-1.0,Go Victor,LOSE,,,-1.0,Eduardo Calderon,LOSE,,,-1.0
2026-05-21,Haydock,4.03,rp_HAY_20260521_4.03,Persian Land,15.0,Charted Course,PLACE,2,3.0,-1.0,A,0.3935,0.1572,0.6203,1,6,Charted Course,PLACE,2,3.0,-1.0,Regal Tiger,LOSE,,,-1.0,,,,,0.0,,,,,0.0
2026-05-21,Haydock,4.38,rp_HAY_20260521_4.38,There's A Chance,4.33,Explosive Finnish,LOSE,,,-1.0,C,0.2157,0.0109,0.2333,0,0,Stoneacre Joe,LOSE,,,-1.0,Showtown,LOSE,,,-1.0,,,,,0.0,Stoneacre Joe,LOSE,,,-1.0
2026-05-21,Haydock,5.13,rp_HAY_20260521_5.13,Trilby,2.88,Wheels Of Fire,LOSE,,,-1.0,B,0.2188,0.1064,0.8186,1,2,Wheels Of Fire,LOSE,,,-1.0,Trilby,WIN,1,2.88,1.88,The Bell Conductor,PLACE,2,12.0,-1.0,Brummell,LOSE,,,-1.0
2026-05-21,Limerick,4.43,rp_LIM_20260521_4.43,Mic Drop,8.0,Prince Of Air,LOSE,,,-1.0,B,0.193,0.0102,0.1953,0,0,Ellies Rock,LOSE,,,-1.0,L'Amiral Fromentin,PLACE,3,9.5,-1.0,L'Amiral Fromentin,PLACE,3,9.5,-1.0,Of Air,LOSE,,,-1.0
2026-05-21,Limerick,5.18,rp_LIM_20260521_5.18,Look To The West,1.8,Affinity Rock,LOSE,,,-1.0,A,0.4701,0.0621,0.8436,0,1,Broomfield Bijou,LOSE,,,-1.0,Look To The West,WIN,1,1.8,0.8,Broomfield Bijou,LOSE,,,-1.0,Look To The West,WIN,1,1.8,0.8
2026-05-21,Limerick,5.48,rp_LIM_20260521_5.48,Shadow Paddy,3.25,Le Coq Hardi,PLACE,2,1.83,-1.0,A,0.3429,0.0669,0.6958,4,4,Le Coq Hardi,PLACE,2,1.83,-1.0,Le Coq Hardi,PLACE,2,1.83,-1.0,Le Coq Hardi,PLACE,2,1.83,-1.0,Le Coq Hardi,PLACE,2,1.83,-1.0
2026-05-21,Limerick,6.18,rp_LIM_20260521_6.18,Toon Town,6.5,Doyen Magic,LOSE,,,-1.0,B,0.2467,0.0254,0.3673,1,1,Springboard,LOSE,,,-1.0,Carlas Big Jim,PLACE,3,9.5,-1.0,Doyen Magic,LOSE,,,-1.0,Toon Town,WIN,1,6.5,5.5
2026-05-21,Limerick,6.48,rp_LIM_20260521_6.48,Sporting Glance,5.0,Rue Taylor,LOSE,,,-1.0,B,0.2027,0.011,0.206,0,0,Some Song,LOSE,,,-1.0,Ad Caelum,LOSE,,,-1.0,,,,,0.0,Ad Caelum,LOSE,,,-1.0
2026-05-21,Limerick,7.18,rp_LIM_20260521_7.18,Zolpharine,6.5,Zolpharine,WIN,1,6.5,5.5,C,0.2267,0.0121,0.2193,3,3,Another Challenge,LOSE,,,-1.0,Zolpharine,WIN,1,6.5,5.5,Zolpharine,WIN,1,6.5,5.5,Zolpharine,WIN,1,6.5,5.5
2026-05-21,Limerick,7.48,rp_LIM_20260521_7.48,A Year Older,9.5,Malton Groove,LOSE,,,-1.0,X,0.181,0.0094,0.2021,1,1,My Cullen,LOSE,,,-1.0,Oneforgonzo,LOSE,,,-1.0,Malton Groove,LOSE,,,-1.0,Love Like This,LOSE,,,-1.0
2026-05-21,Limerick,8.18,rp_LIM_20260521_8.18,Nastya,3.25,Battle Of Mirbat,LOSE,,,-1.0,X,0.1939,0.0119,0.2433,1,1,Supreme Gift,LOSE,,,-1.0,Nettuno Italia,LOSE,,,-1.0,Battle Of Mirbat,LOSE,,,-1.0,Aclass,LOSE,,,-1.0
2026-05-21,Musselburgh,2.20,rp_MUS_20260521_2.20,Gallus Norman,3.0,Gallus Norman,WIN,1,3.0,2.0,B,0.1603,0.0256,0.5553,1,4,Gallus Norman,WIN,1,3.0,2.0,Zimmerman,LOSE,,,-1.0,,,,,0.0,Elemental Eye,LOSE,,,-1.0
2026-05-21,Musselburgh,2.50,rp_MUS_20260521_2.50,Cailin Aine,2.0,Cailin Aine,WIN,1,2.0,1.0,B,0.2576,0.0797,0.5274,2,6,Explainingislosing,LOSE,,,-1.0,Cailin Aine,WIN,1,2.0,1.0,Cailin Aine,WIN,1,2.0,1.0,,,,,0.0
2026-05-21,Musselburgh,3.20,rp_MUS_20260521_3.20,Blakefell,2.88,Blakefell,WIN,1,2.88,1.88,A,0.3458,0.0909,0.7522,1,6,Star Banner,LOSE,,,-1.0,Whernside,LOSE,,,-1.0,Blakefell,WIN,1,2.88,1.88,,,,,0.0
2026-05-21,Musselburgh,3.50,rp_MUS_20260521_3.50,Krissy,1.33,Krissy,WIN,1,1.33,0.33,B,0.2302,0.1293,0.8459,3,11,Krissy,WIN,1,1.33,0.33,Krissy,WIN,1,1.33,0.33,,,,,0.0,Krissy,WIN,1,1.33,0.33
2026-05-21,Musselburgh,4.25,rp_MUS_20260521_4.25,Bellarchi,3.0,Bellarchi,WIN,1,3.0,2.0,C,0.1225,0.0322,0.4528,3,6,Bellarchi,WIN,1,3.0,2.0,Bellarchi,WIN,1,3.0,2.0,Bellarchi,WIN,1,3.0,2.0,Jannas Journey,LOSE,,,-1.0
2026-05-21,Musselburgh,5.00,rp_MUS_20260521_5.00,Alpine Sierra,3.5,Alpine Sierra,WIN,1,3.5,2.5,B,0.2091,0.0717,0.771,1,7,Spirit Catcher,PLACE,2,3.0,-1.0,Alpine Sierra,WIN,1,3.5,2.5,,,,,0.0,Spirit Catcher,PLACE,2,3.0,-1.0
2026-05-21,Musselburgh,5.35,rp_MUS_20260521_5.35,Canaria Queen,4.33,Sir Benedict,PLACE,3,6.0,-1.0,C,0.1225,0.0254,0.4348,0,3,Canaria Queen,WIN,1,4.33,3.33,Classy Clarets,PLACE,2,3.25,-1.0,,,,,0.0,Canaria Queen,WIN,1,4.33,3.33
2026-05-21,Southwell,5.23,rp_STH_20260521_5.23,It's Only Fun,21.0,Arth'S Gold,PLACE,3,3.0,-1.0,B,0.1757,0.0851,0.6459,2,6,Arth's Gold,PLACE,3,3.0,-1.0,Sisterandbrother,PLACE,2,3.75,-1.0,,,,,0.0,Arth's Gold,PLACE,3,3.0,-1.0
2026-05-21,Southwell,5.57,rp_STH_20260521_5.57,Cayman Tai,4.5,Cayman Tai,WIN,1,4.5,3.5,C,0.1142,0.0351,0.4644,1,1,J Street,PLACE,3,6.5,-1.0,Cayman Tai,WIN,1,4.5,3.5,J Street,PLACE,3,6.5,-1.0,Peregrine Falcon,LOSE,,,-1.0
2026-05-21,Southwell,6.30,rp_STH_20260521_6.30,Harmonics,4.5,Affettuoso,LOSE,,,-1.0,B,0.1632,0.0919,0.3928,0,5,Harmonics,WIN,1,4.5,3.5,Intsaar,LOSE,,,-1.0,,,,,0.0,,,,,0.0
2026-05-21,Southwell,7.00,rp_STH_20260521_7.00,Dream Camp,6.5,Royal Fanfare,LOSE,,,-1.0,A,0.3312,0.1258,0.6029,2,12,Royal Fanfare,LOSE,,,-1.0,Brunhilde,LOSE,,,-1.0,Royal Fanfare,LOSE,,,-1.0,,,,,0.0
2026-05-21,Southwell,7.30,rp_STH_20260521_7.30,Choreography,6.5,Crown Ranger,LOSE,,,-1.0,B,0.2237,0.0601,0.4555,1,4,Guadalevin,LOSE,,,-1.0,Crown Ranger,LOSE,,,-1.0,,,,,0.0,,,,,0.0
2026-05-21,Southwell,8.00,rp_STH_20260521_8.00,Fort Augustus,4.5,Adelaide Bay,PLACE,2,2.25,-1.0,C,0.2066,0.0402,0.5421,2,6,Adelaide Bay,PLACE,2,2.25,-1.0,Fort Augustus,WIN,1,4.5,3.5,,,,,0.0,Adelaide Bay,PLACE,2,2.25,-1.0
2026-05-21,Southwell,8.30,rp_STH_20260521_8.30,South Kensington,1.73,South Kensington,WIN,1,1.73,0.73,B,0.2147,0.1007,0.7961,3,13,South Kensington,WIN,1,1.73,0.73,South Kensington,WIN,1,1.73,0.73,,,,,0.0,South Kensington,WIN,1,1.73,0.73
2026-05-21,Southwell,9.00,rp_STH_20260521_9.00,Albert Cee,8.5,Bomb Squad,PLACE,3,4.5,-1.0,C,0.1428,0.0322,0.4528,0,4,Daytona Lady,LOSE,,,-1.0,Daytona Lady,LOSE,,,-1.0,,,,,0.0,Forever Noah,PLACE,2,19.0,-1.0
2026-05-22,Bath,2.08,rp_BAT_20260522_2.08,Two Plus Two,7.0,Captain Brett,LOSE,,,-1.0,C,0.1165,0.0481,0.5344,0,0,Basilette,PLACE,3,3.5,-1.0,Basilette,PLACE,3,3.5,-1.0,,,,,0.0,Basilette,PLACE,3,3.5,-1.0
2026-05-22,Bath,2.43,rp_BAT_20260522_2.43,Supplicate,1.62,Eloquencia,PLACE,2,6.5,-1.0,A,0.5084,0.0288,0.5984,0,0,Madrisa,LOSE,,,-1.0,Madrisa,LOSE,,,-1.0,,,,,0.0,,,,,0.0
2026-05-22,Bath,3.18,rp_BAT_20260522_3.18,Flight Signal,3.75,Jaan Ki Tukri,PLACE,2,1.57,-1.0,A,0.5352,0.1336,0.8752,4,9,Jaan Ki Tukri,PLACE,2,1.57,-1.0,Jaan Ki Tukri,PLACE,2,1.57,-1.0,Jaan Ki Tukri,PLACE,2,1.57,-1.0,Jaan Ki Tukri,PLACE,2,1.57,-1.0
2026-05-22,Bath,3.53,rp_BAT_20260522_3.53,Toolatetonegotiate,6.5,Moe'S Legacy,LOSE,,,-1.0,B,0.267,0.1111,0.8893,0,2,Silver Wraith,PLACE,2,2.62,-1.0,Silver Wraith,PLACE,2,2.62,-1.0,Silver Wraith,PLACE,2,2.62,-1.0,Silver Wraith,PLACE,2,2.62,-1.0
2026-05-22,Bath,4.28,rp_BAT_20260522_4.28,Double Naughty,8.0,Our Guy,LOSE,,,-1.0,C,0.1294,0.0325,0.4866,3,9,Our Guy,LOSE,,,-1.0,Our Guy,LOSE,,,-1.0,,,,,0.0,Our Guy,LOSE,,,-1.0
2026-05-22,Bath,5.03,rp_BAT_20260522_5.03,Legendsoftheland,6.5,Legendsoftheland,WIN,1,6.5,5.5,C,0.1999,0.0329,0.4378,0,1,Southbank,LOSE,,,-1.0,Big Time Rascal,PLACE,2,7.5,-1.0,,,,,0.0,Zambezi Diamond,LOSE,,,-1.0
2026-05-22,Bath,5.40,rp_BAT_20260522_5.40,Neptune Legend,5.0,Sioux Warrior,PLACE,3,5.0,-1.0,X,0.059,0.0084,0.5991,0,3,Newyorkstateofmind,LOSE,,,-1.0,Neptune Legend,WIN,1,5.0,4.0,,,,,0.0,Newyorkstateofmind,LOSE,,,-1.0
2026-05-22,Bath,6.15,rp_BAT_20260522_6.15,Dappled Light,15.0,Tilani,LOSE,,,-1.0,X,0.1244,0.0197,0.2323,0,4,Eutropia,LOSE,,,-1.0,Rosemary's Rose,LOSE,,,-1.0,,,,,0.0,Eutropia,LOSE,,,-1.0
2026-05-22,Downpatrick,5.20,,,,Le Questionnaire,UNMATCHED,,,0.0,X,0.0847,0.0169,0.5991,0,0,Holy Joe,UNMATCHED,,,0.0,Mr Master Mac,UNMATCHED,,,0.0,,,,,0.0,,,,,0.0
2026-05-22,Downpatrick,5.52,,,,Sea Of Doubt,UNMATCHED,,,0.0,C,0.1098,0.0335,0.4258,0,0,Seskin Flash,UNMATCHED,,,0.0,Tell Us This,UNMATCHED,,,0.0,Tell Us This,UNMATCHED,,,0.0,Tell Us This,UNMATCHED,,,0.0
2026-05-22,Downpatrick,6.29,,,,Gangster Granny,UNMATCHED,,,0.0,X,0.0851,0.0271,0.4668,1,1,Joya Del Mar,UNMATCHED,,,0.0,Gangster Granny,UNMATCHED,,,0.0,,,,,0.0,Joya Del Mar,UNMATCHED,,,0.0
2026-05-22,Downpatrick,7.00,,,,Auntie Lacey,UNMATCHED,,,0.0,X,0.1584,0.0122,0.2167,0,0,Jerisk Star,UNMATCHED,,,0.0,Giant Haystacks,UNMATCHED,,,0.0,,,,,0.0,Jerisk Star,UNMATCHED,,,0.0
2026-05-22,Downpatrick,7.30,,,,West Of Idaho,UNMATCHED,,,0.0,A,0.47,0.2013,0.899,3,3,West Of Idaho,UNMATCHED,,,0.0,West Of Idaho,UNMATCHED,,,0.0,,,,,0.0,West Of Idaho,UNMATCHED,,,0.0
2026-05-22,Downpatrick,8.00,,,,Cause For Comment,UNMATCHED,,,0.0,B,0.2297,0.1008,0.7104,2,3,Cause For Comment,UNMATCHED,,,0.0,Dorking Cock,UNMATCHED,,,0.0,,,,,0.0,Cause For Comment,UNMATCHED,,,0.0
2026-05-22,Downpatrick,8.30,,,,Majestic Horizon,UNMATCHED,,,0.0,B,0.3504,0.0324,0.6289,1,1,Dinner Dance,UNMATCHED,,,0.0,Majestic Horizon,UNMATCHED,,,0.0,,,,,0.0,,,,,0.0
2026-05-22,Goodwood,1.57,rp_GOO_20260522_1.57,Night In Vegas,1.5,Love Is,LOSE,,,-1.0,B,0.3662,0.1908,0.9783,4,9,Love Is,LOSE,,,-1.0,Love Is,LOSE,,,-1.0,Love Is,LOSE,,,-1.0,Love Is,LOSE,,,-1.0
2026-05-22,Goodwood,2.32,rp_GOO_20260522_2.32,Pershaada,8.0,Lazurite,LOSE,,,-1.0,A,0.3551,0.1025,0.6423,4,14,Lazurite,LOSE,,,-1.0,Lazurite,LOSE,,,-1.0,Lazurite,LOSE,,,-1.0,Lazurite,LOSE,,,-1.0
2026-05-22,Goodwood,3.07,rp_GOO_20260522_3.07,Bahadur,3.5,Give It To Me Oj,LOSE,,,-1.0,B,0.2196,0.0909,0.8848,0,2,St Mawes,PLACE,2,3.0,-1.0,St Mawes,PLACE,2,3.0,-1.0,St Mawes,PLACE,2,3.0,-1.0,St Mawes,PLACE,2,3.0,-1.0
2026-05-22,Goodwood,3.42,rp_GOO_20260522_3.42,Orionis,4.5,Venetia,PLACE,2,2.5,-1.0,B,0.1388,0.0978,0.6648,1,4,Sibling Rivelry,LOSE,,,-1.0,Sibling Rivelry,LOSE,,,-1.0,Quebella,PLACE,3,6.5,-1.0,Venetia,PLACE,2,2.5,-1.0
2026-05-22,Goodwood,4.17,rp_GOO_20260522_4.17,Boiling Point,6.5,Haatem,LOSE,,,-1.0,C,0.1388,0.0341,0.4204,0,0,Boiling Point,WIN,1,6.5,5.5,Enfjaar,PLACE,3,5.0,-1.0,Boiling Point,WIN,1,6.5,5.5,Boiling Point,WIN,1,6.5,5.5
2026-05-22,Goodwood,4.52,rp_GOO_20260522_4.52,Crimson Spirit,5.0,Oliver Show,LOSE,,,-1.0,X,0.1074,0.0119,0.2942,1,3,Kisskodi,LOSE,,,-1.0,Kisskodi,LOSE,,,-1.0,Kisskodi,LOSE,,,-1.0,Oliver Show,LOSE,,,-1.0
2026-05-22,Goodwood,5.27,rp_GOO_20260522_5.27,Seven Questions,4.0,Seven Questions,WIN,1,4.0,3.0,C,0.1043,0.0351,0.4644,1,1,Seven Questions,WIN,1,4.0,3.0,Dream Composer,LOSE,,,-1.0,Glamorous Breeze,PLACE,3,21.0,-1.0,Canon's House,LOSE,,,-1.0
2026-05-22,Haydock,1.45,rp_HAY_20260522_1.45,Fashion's Fancy,1.8,Ladykirk,LOSE,,,-1.0,B,0.2464,0.0302,0.5086,1,2,Fashion's Fancy,WIN,1,1.8,0.8,Ladykirk,LOSE,,,-1.0,,,,,0.0,,,,,0.0
2026-05-22,Haydock,2.20,rp_HAY_20260522_2.20,Sea Venture,9.0,Jazz Queen,LOSE,,,-1.0,B,0.1938,0.0284,0.3591,1,4,Minzelle,PLACE,3,2.1,-1.0,Jazz Queen,LOSE,,,-1.0,,,,,0.0,,,,,0.0
2026-05-22,Haydock,2.55,rp_HAY_20260522_2.55,Rosy Affair,3.5,Rosy Affair,WIN,1,3.5,2.5,B,0.1532,0.0844,0.5807,3,7,Rosy Affair,WIN,1,3.5,2.5,Rosy Affair,WIN,1,3.5,2.5,Rhyme Dust,LOSE,,,-1.0,Rosy Affair,WIN,1,3.5,2.5
2026-05-22,Haydock,3.30,rp_HAY_20260522_3.30,The Bookkeeper,3.5,Pat'S Cash,LOSE,,,-1.0,A,0.3542,0.1083,0.7029,1,4,The Bookkeeper,WIN,1,3.5,2.5,Pat's Cash,LOSE,,,-1.0,,,,,0.0,,,,,0.0
2026-05-22,Haydock,4.05,rp_HAY_20260522_4.05,Blue Wonder,4.5,Joseph,LOSE,,,-1.0,X,0.1617,0.029,0.3799,1,1,Hill O Rue,LOSE,,,-1.0,Joseph,LOSE,,,-1.0,Pol Roger,LOSE,,,-1.0,Pol Roger,LOSE,,,-1.0
2026-05-22,Haydock,4.40,rp_HAY_20260522_4.40,Bnaider,2.25,Bnaider,WIN,1,2.25,1.25,C,0.1385,0.0481,0.5344,4,5,Bnaider,WIN,1,2.25,1.25,Bnaider,WIN,1,2.25,1.25,Bnaider,WIN,1,2.25,1.25,Bnaider,WIN,1,2.25,1.25
2026-05-22,Haydock,5.15,rp_HAY_20260522_5.15,Paroda Diva,26.0,Kiss For An Angel,LOSE,,,-1.0,X,0.1603,0.0121,0.3473,0,1,Jungle Knight,LOSE,,,-1.0,Alkumatic Jo Jo,PLACE,2,5.5,-1.0,Jungle Knight,LOSE,,,-1.0,Jungle Knight,LOSE,,,-1.0
2026-05-22,Pontefract,6.20,rp_PON_20260522_6.20,Naval Light,1.4,Naval Light,WIN,1,1.4,0.4,A,0.4058,0.174,0.747,2,3,Naval Light,WIN,1,1.4,0.4,Naval Light,WIN,1,1.4,0.4,Light,WIN,1,1.4,0.4,Light,WIN,1,1.4,0.4
2026-05-22,Pontefract,6.52,rp_PON_20260522_6.52,Green Sovereign,5.0,Too Many Spirits,PLACE,2,4.0,-1.0,C,0.2388,0.0851,0.5109,1,6,Too Many Spirits,PLACE,2,4.0,-1.0,Ricky Punting,LOSE,,,-1.0,,,,,0.0,,,,,0.0
2026-05-22,Pontefract,7.22,rp_PON_20260522_7.22,Changeofmind,7.5,Betweenthesticks,LOSE,,,-1.0,C,0.1041,0.0335,0.4258,0,3,Knicks,LOSE,,,-1.0,Jojo Rabbit,PLACE,2,3.75,-1.0,Fuji Mountain,LOSE,,,-1.0,Jojo Rabbit,PLACE,2,3.75,-1.0
2026-05-22,Pontefract,7.52,rp_PON_20260522_7.52,Trojan Soldier,2.75,Sea Of Kings,PLACE,2,3.5,-1.0,B,0.1615,0.082,0.7583,0,5,Trojan Soldier,WIN,1,2.75,1.75,Trojan Soldier,WIN,1,2.75,1.75,Maghlaak,LOSE,,,-1.0,Trojan Soldier,WIN,1,2.75,1.75
2026-05-22,Pontefract,8.22,rp_PON_20260522_8.22,Blondina,3.75,Blondina,WIN,1,3.75,2.75,B,0.1842,0.0288,0.5888,2,3,Blondina,WIN,1,3.75,2.75,Hickton,LOSE,,,-1.0,,,,,0.0,Blondina,WIN,1,3.75,2.75
2026-05-22,Pontefract,8.52,rp_PON_20260522_8.52,Callisto Dream,5.0,Arkenstaar,LOSE,,,-1.0,X,0.1775,0.0254,0.3253,2,6,Arkenstaar,LOSE,,,-1.0,Arkenstaar,LOSE,,,-1.0,Powerful Response,LOSE,,,-1.0,Mount King,LOSE,,,-1.0
2026-05-22,Worcester,4.57,rp_WOR_20260522_4.57,Applicationofcash,3.75,Applicationofcash,WIN,1,3.75,2.75,B,0.3575,0.0357,0.7753,2,5,Applicationofcash,WIN,1,3.75,2.75,Zero Tolerance,PLACE,2,4.5,-1.0,Applicationofcash,WIN,1,3.75,2.75,Electric Eddy,LOSE,,,-1.0
2026-05-22,Worcester,5.32,rp_WOR_20260522_5.32,Karnaval Point,12.0,Lermoos Legend,LOSE,,,-1.0,C,0.163,0.0254,0.4644,1,3,Melton Mossy,LOSE,,,-1.0,Ukantango,LOSE,,,-1.0,Lermoos Legend,LOSE,,,-1.0,Jet Smart,PLACE,2,4.0,-1.0
2026-05-22,Worcester,6.06,rp_WOR_20260522_6.06,Teleleo,23.0,Faithful Guardian,PLACE,3,6.5,-1.0,C,0.315,0.0197,0.3566,2,3,Turbogeist,PLACE,2,5.5,-1.0,Faithful Guardian,PLACE,3,6.5,-1.0,,,,,0.0,Faithful Guardian,PLACE,3,6.5,-1.0
2026-05-22,Worcester,6.41,rp_WOR_20260522_6.41,L'amalric,4.33,Shamsat,PLACE,2,4.33,-1.0,C,0.1829,0.0201,0.3799,0,3,Premier Tenor,PLACE,3,2.25,-1.0,Eustace Grenier,LOSE,,,-1.0,,,,,0.0,,,,,0.0
2026-05-22,Worcester,7.11,rp_WOR_20260522_7.11,Kind Intention,3.5,Medina Blue,LOSE,,,-1.0,X,0.1537,0.0108,0.2901,0,0,Crest Of Arms,PLACE,3,2.0,-1.0,Crest Of Arms,PLACE,3,2.0,-1.0,Crest Of Arms,PLACE,3,2.0,-1.0,Crest Of Arms,PLACE,3,2.0,-1.0
2026-05-22,Worcester,7.41,rp_WOR_20260522_7.41,Dexperts Opinion,13.0,Noble Blue,LOSE,,,-1.0,C,0.1357,0.0322,0.4528,1,5,Noble Blue,LOSE,,,-1.0,Twist Of Fatecatch,PLACE,3,4.0,-1.0,Prince Imperial,LOSE,,,-1.0,Twist Of Fatecatch,PLACE,3,4.0,-1.0
2026-05-22,Worcester,8.11,rp_WOR_20260522_8.11,Ice Jet,1.44,Ice Jet,WIN,1,1.44,0.44,B,0.1189,0.1446,0.768,3,12,Ice Jet,WIN,1,1.44,0.44,Ice Jet,WIN,1,1.44,0.44,,,,,0.0,Ice Jet,WIN,1,1.44,0.44
2026-05-22,Worcester,8.41,rp_WOR_20260522_8.41,Saccary,2.0,Saccary,WIN,1,2.0,1.0,B,0.3014,0.0421,0.5837,1,6,Playful Fox,PLACE,2,2.75,-1.0,Playful Fox,PLACE,2,2.75,-1.0,,,,,0.0,Saccary,WIN,1,2.0,1.0
