table,classification,note
raceform,RACING_CORE,1.38M row historical raceform archive, 2017-01-01 to 2025-07-05
racing_horse_runs,RACING_CORE,horse-run history
runner_results,RACING_CORE,runner-level results
runner_release_candidates,RACING_CORE,release candidate runners
runners,RACING_CORE,runner registry
races,RACING_CORE,race registry
race_results,RACING_CORE,race-level results
historical_feature_store,RACING_SUPPORT,31936 rows, training_safe all false — not training-ready
runner_prediction_snapshots,RACING_SUPPORT,26425 rows, stale since 2026-06-19
course_profiles,RACING_SUPPORT,70 rows, handedness unknown for all
sigma_audits,GOVERNANCE_AUDIT,3167 rows, reconciliation audit trail
velo_verdicts,GOVERNANCE_AUDIT,4247 rows, scoring verdict record
velo_learning_events,GOVERNANCE_AUDIT,learning event log
learned_patterns,GOVERNANCE_AUDIT,pattern learning output
pipeline_runs,GOVERNANCE_AUDIT,295 rows, run status log
