date,race_id,course,off,velo_top_pick,velo_outcome,velo_assigned_product,velo_ew_outcome,velo_miss_class,norpr_top_pick,norpr_prob,norpr_outcome,norpr_miss_class,nb_top_pick,nb_prob,nb_outcome,nb_miss_class,champion_top_pick,champion_prob,champion_outcome,champion_miss_class,winner,winner_sp,top3
2026-07-14,923066,Beverley,2.17,Fast Track,WIN,WIN_ONLY,,,Fast Track,0.2224,WIN,,,,NO_DATA,,,,NO_DATA,,Fast Track,1.1,Fast Track|Kokumi|Hair Raising
2026-07-14,923070,Beverley,2.47,What A Tahoo,WIN,VISION_ONLY,,,Roy Lane,0.1365,MISS,mid_priced_won,,,NO_DATA,,,,NO_DATA,,What A Tahoo,5.0,What A Tahoo|Sparkling Wine|Dabbling
2026-07-14,923065,Beverley,3.17,Pendella,WIN,VISION_ONLY,,,It's Debatable,0.2393,PLACE,,,,NO_DATA,,,,NO_DATA,,Pendella,2.1,Pendella|It's Debatable|Tamzan
2026-07-14,923069,Beverley,3.48,Kitsune Power,WIN,PASS,,,Lever Up,0.1257,MISS,mid_priced_won,,,NO_DATA,,,,NO_DATA,,Kitsune Power,5.0,Kitsune Power|Sunny Orange|Star Start
2026-07-14,923068,Beverley,4.23,Pinpoint,MISS,PASS,,mid_priced_won,He's An Angel,0.1026,MISS,mid_priced_won,,,NO_DATA,,,,NO_DATA,,Crafty Spirit,7.5,Crafty Spirit|So Grateful|Golden Prosperity
2026-07-14,923067,Beverley,4.58,The Sweet Escape,WIN,VISION_ONLY,,,Shahik,0.1417,MISS,short_fav_won,,,NO_DATA,,,,NO_DATA,,The Sweet Escape,1.91,The Sweet Escape|Thornaby Annie|Enjoy The Night
2026-07-14,924645,Downpatrick,2.07,Cool Native,PLACE,WIN_ONLY,,,Ritz Plan,0.1091,MISS,short_fav_won,,,NO_DATA,,,,NO_DATA,,Fastnet Crystal,2.62,Fastnet Crystal|Mercurial Sea|Cool Native
2026-07-14,924646,Downpatrick,2.37,Luker's Tipple,WIN,EW_CANDIDATE,EW_WIN,,Luker's Tipple,0.1234,WIN,,,,NO_DATA,,,,NO_DATA,,Luker's Tipple,1.83,Luker's Tipple|Fortis Et Liber|Liceo
2026-07-14,924647,Downpatrick,3.07,Stormy Jenn,MISS,PASS,,outsider_won,Sea Of Doubt,0.0992,PLACE,,,,NO_DATA,,,,NO_DATA,,Small Bucks,12.0,Small Bucks|Sea Of Doubt|Gortmore Lady
2026-07-14,924648,Downpatrick,3.37,San Hilario,MISS,WIN_ONLY,,outsider_won,San Hilario,0.1124,MISS,outsider_won,,,NO_DATA,,,,NO_DATA,,Marcelrock,17.0,Marcelrock|Magical Sal|O'Callaghan Can
2026-07-14,924649,Downpatrick,4.12,Playtime,PLACE,PASS,,,Playtime,0.2358,PLACE,,,,NO_DATA,,,,NO_DATA,,Gangster Granny,6.5,Gangster Granny|Lemmy Caution|Playtime
2026-07-14,924650,Downpatrick,4.47,Tolka Row,WIN,EW_CANDIDATE,EW_WIN,,Nakassama,0.0856,PLACE,,,,NO_DATA,,,,NO_DATA,,Tolka Row,34.0,Tolka Row|Nakassama|Joya Del Mar
2026-07-14,924651,Downpatrick,5.19,Rememberwhat,MISS,VISION_ONLY,,mid_priced_won,Payslip,0.1007,PLACE,,,,NO_DATA,,,,NO_DATA,,Its Time For A Run,4.0,Its Time For A Run|Payslip|Loves A Laugh
2026-07-14,923072,Ffos Las,2.30,Jaan Ki Tukri,WIN,WIN_ONLY,,,Jaan Ki Tukri,0.1775,WIN,,,,NO_DATA,,,,NO_DATA,,Jaan Ki Tukri,1.57,Jaan Ki Tukri|Louis The Fifth|Sole Ambition
2026-07-14,923076,Ffos Las,3.00,Tallahassee Lassie,WIN,VISION_ONLY,,,Our Fella,0.217,PLACE,,,,NO_DATA,,,,NO_DATA,,Tallahassee Lassie,2.0,Tallahassee Lassie|Our Fella|Devon Angel
2026-07-14,923071,Ffos Las,3.30,Star Velocity,WIN,PASS,,,Nevasca Cinza,0.158,PLACE,,,,NO_DATA,,,,NO_DATA,,Star Velocity,1.8,Star Velocity|Queen Sana|Nevasca Cinza
2026-07-14,923073,Ffos Las,4.05,Tokyo Joe,WIN,VISION_ONLY,,,Freddie's Star,0.1138,MISS,short_fav_won,,,NO_DATA,,,,NO_DATA,,Tokyo Joe,1.91,Tokyo Joe|Spirit Of The Bay|Kaleidoscope Eyes
2026-07-14,923075,Ffos Las,4.40,Homeland,WIN,VISION_ONLY,,,Havana Tobouggaloo,0.1151,MISS,short_fav_won,,,NO_DATA,,,,NO_DATA,,Homeland,3.0,Homeland|Praise Indeed|Gert Lush
2026-07-14,923074,Ffos Las,5.14,Liveinthelight,WIN,VISION_ONLY,,,Liveinthelight,0.2681,WIN,,,,NO_DATA,,,,NO_DATA,,Liveinthelight,2.5,Liveinthelight|Meet Me In Meraki|Bulldog Spirit
2026-07-14,924638,Killarney,5.09,Celtic Motif,WIN,WIN_ONLY,,,Celtic Motif,0.2426,WIN,,,,NO_DATA,,,,NO_DATA,,Celtic Motif,1.2,Celtic Motif|Taj Crown|Glittering Gem
2026-07-14,924639,Killarney,5.40,Dolly Hello,PLACE,VISION_ONLY,,,Wild Sapphire,0.1325,WIN,,,,NO_DATA,,,,NO_DATA,,Wild Sapphire,2.5,Wild Sapphire|Sron Na Caise|Dolly Hello
2026-07-14,924640,Killarney,6.10,Cause I Like You,WIN,VISION_ONLY,,,Wicklow Gap,0.1022,MISS,mid_priced_won,,,NO_DATA,,,,NO_DATA,,Cause I Like You,4.33,Cause I Like You|Zheleznaya Dama|Beau Army
2026-07-14,924641,Killarney,6.40,Elusive Duke,MISS,VISION_ONLY,,outsider_won,Majestic King,0.0864,MISS,outsider_won,,,NO_DATA,,,,NO_DATA,,Red Hugh O'Donnell,34.0,Red Hugh O'Donnell|Mythical Rock|No More Porter
2026-07-14,924642,Killarney,7.10,Speckled Meadow,MISS,PASS,,mid_priced_won,Ankara,0.1255,PLACE,,,,NO_DATA,,,,NO_DATA,,Saga Gaga,4.0,Saga Gaga|Spanish Temptress|Ankara
2026-07-14,924643,Killarney,7.40,Gaoth Chuil,WIN,VISION_ONLY,,,Tribal Star,0.1498,PLACE,,,,NO_DATA,,,,NO_DATA,,Gaoth Chuil,2.88,Gaoth Chuil|Tribal Star|Satono Chevalier
2026-07-14,924644,Killarney,8.10,Eagle Fang,WIN,VISION_ONLY,,,Arch Empire,0.1063,MISS,short_fav_won,,,NO_DATA,,,,NO_DATA,,Eagle Fang,2.88,Eagle Fang|Sunny South West|Path d'Oroux
2026-07-14,923082,Leicester,1.54,Emerald Bay,WIN,PASS,,,Bluestone Lady,0.1173,MISS,mid_priced_won,,,NO_DATA,,,,NO_DATA,,Emerald Bay,5.5,Emerald Bay|Hamdani Mokhater|Tiger In The Tree
2026-07-14,923077,Leicester,2.24,Siwa Oasis,MISS,VISION_ONLY,,mid_priced_won,Kudos Too,0.1499,PLACE,,,,NO_DATA,,,,NO_DATA,,Amazonica,5.0,Amazonica|Cloud Forest|Kudos Too
2026-07-14,923079,Leicester,2.54,Betelgeuse,MISS,VISION_ONLY,,short_fav_won,Betelgeuse,0.1673,MISS,short_fav_won,,,NO_DATA,,,,NO_DATA,,Ottoman,2.62,Ottoman|Joanna Hiffernan|Trojan Truth
2026-07-14,923081,Leicester,3.24,Dottie Diamond,WIN,VISION_ONLY,,,Nzuri,0.1782,MISS,mid_priced_won,,,NO_DATA,,,,NO_DATA,,Dottie Diamond,4.0,Dottie Diamond|Dreambird Dolly|The Bear Of Saints
2026-07-14,923080,Leicester,3.57,Musical Soldier,PLACE,VISION_ONLY,,,Musical Soldier,0.1698,PLACE,,,,NO_DATA,,,,NO_DATA,,Gal,4.33,Gal|Musical Soldier|Arvana Belle
2026-07-14,923078,Leicester,4.30,Melody De Vega,WIN,VISION_ONLY,,,Melody De Vega,0.2443,WIN,,,,NO_DATA,,,,NO_DATA,,Melody De Vega,2.75,Melody De Vega|Fille Imbassee|Hot Silk
2026-07-14,923083,Leicester,5.04,Marisitta,MISS,VISION_ONLY,,mid_priced_won,Manhattan Chute,0.1032,WIN,,,,NO_DATA,,,,NO_DATA,,Manhattan Chute,6.5,Manhattan Chute|Bullington Bry|Rogue Rebellion
2026-07-14,924691,Longchamp,6.37,Pink Panthera,PLACE,PASS,,,Proxima Du Centaur,0.1782,MISS,short_fav_won,,,NO_DATA,,,,NO_DATA,,Behrayna,1.6,Behrayna|Pink Panthera|Dispatches
2026-07-14,924692,Longchamp,7.15,Maltese Cross,WIN,VISION_ONLY,,,Maltese Cross,0.1286,WIN,,,,NO_DATA,,,,NO_DATA,,Maltese Cross,3.8,Maltese Cross|Ancient Egypt|Alam
2026-07-14,924693,Longchamp,7.50,Double Major,PLACE,PASS,,,Parachutiste,0.1489,PLACE,,,,NO_DATA,,,,NO_DATA,,Sons And Lovers,2.6,Sons And Lovers|Parachutiste|Double Major
2026-07-14,923387,Wolverhampton (AW),4.53,Desert Belle,PLACE,PASS,,,Rose Cotton,0.116,PLACE,,,,NO_DATA,,,,NO_DATA,,Lady Magu,4.0,Lady Magu|Desert Belle|Rose Cotton
2026-07-14,923386,Wolverhampton (AW),5.25,George Wickham,WIN,PASS,,,Just Dreaming,0.0963,MISS,short_fav_won,,,NO_DATA,,,,NO_DATA,,George Wickham,2.88,George Wickham|Sugar Sugar|Thorpe Green
2026-07-14,923384,Wolverhampton (AW),5.55,Rascal Recknell,MISS,PASS,,outsider_won,Night Storm,0.1086,MISS,outsider_won,,,NO_DATA,,,,NO_DATA,,Jungle Drums,34.0,Jungle Drums|Twilight Fun|American Style
2026-07-14,923383,Wolverhampton (AW),6.25,Wilbur,PLACE,WIN_ONLY,,,Charlemont GG,0.093,MISS,outsider_won,,,NO_DATA,,,,NO_DATA,,La Fuerza,12.0,La Fuerza|Wilbur|Waakabb
2026-07-14,923385,Wolverhampton (AW),6.55,Adelaide Bay,MISS,VISION_ONLY,,mid_priced_won,Dancing With Drums,0.0983,MISS,mid_priced_won,,,NO_DATA,,,,NO_DATA,,On Key,5.0,On Key|Midnight's Dream|Blackjack
2026-07-14,924699,Wolverhampton (AW),7.25,Classy Clarets,WIN,VISION_ONLY,,,Classy Clarets,0.1118,WIN,,,,NO_DATA,,,,NO_DATA,,Classy Clarets,1.57,Classy Clarets|Cooramook|Whitesnake
