dir,filename,size_bytes,mtime_utc,sha256,canonical_url
data/racing_post_account_raw/2026-07-14,001_racecards_1212_ffos_las_2026_07_14_923071_983caa4846a6.html,494063,2026-07-14T14:00:48.655847+00:00,02bbafeedf66bc5f533c7daa99e0805be0c07b04c40d49f2ce2bdba446db8d10,https://www.racingpost.com/racecards/1212/ffos-las/2026-07-14/923071/
data/racing_post_account_raw/2026-07-14,001_racecards_211_longchamp_2026_07_14_924691_6a14848b774e.html,426764,2026-07-14T14:04:39.729449+00:00,056b5f745b58c7d443d56019109bdffec133ea1593dc82ed81ea3f71d988b75d,https://www.racingpost.com/racecards/211/longchamp/2026-07-14/924691/
data/racing_post_account_raw/2026-07-14,002_racecards_1212_ffos_las_2026_07_14_923072_2cc442af1f11.html,422599,2026-07-14T14:00:54.170173+00:00,251870a9e8e90a166702d615a3cc6704d756cce7aa7e8bdbffccb36dd1d6db8a,https://www.racingpost.com/racecards/1212/ffos-las/2026-07-14/923072/
data/racing_post_account_raw/2026-07-14,002_racecards_211_longchamp_2026_07_14_924692_63fe38e1ae0d.html,477578,2026-07-14T14:04:45.235725+00:00,dcae9a5c06e75b04bcfe1ad847d950b7745fbcf4d22d3b67877b10c05a5aba88,https://www.racingpost.com/racecards/211/longchamp/2026-07-14/924692/
data/racing_post_account_raw/2026-07-14,003_racecards_1212_ffos_las_2026_07_14_923073_fb04b495fb7c.html,558719,2026-07-14T14:01:00.066694+00:00,a6c2a54a963ca697312f0d7a70fdcd6fa5d7d90abba71ff5b5ef003c52fc33e5,https://www.racingpost.com/racecards/1212/ffos-las/2026-07-14/923073/
data/racing_post_account_raw/2026-07-14,003_racecards_211_longchamp_2026_07_14_924693_a0d6a5cfff41.html,452385,2026-07-14T14:04:50.786990+00:00,f4058de5b4a81c927ffc540f4e4e24bf034276c32155b391eaf1d632ce364c6a,https://www.racingpost.com/racecards/211/longchamp/2026-07-14/924693/
data/racing_post_account_raw/2026-07-14,004_racecards_1212_ffos_las_2026_07_14_923074_688e0fc8c450.html,446762,2026-07-14T14:01:05.287360+00:00,c211093f06349ec4b30958e0c7178577cc1f1d5cdd6a3e2a7c3d0ffe99a45759,https://www.racingpost.com/racecards/1212/ffos-las/2026-07-14/923074/
data/racing_post_account_raw/2026-07-14,005_racecards_1212_ffos_las_2026_07_14_923075_726f1753cb84.html,556405,2026-07-14T14:01:10.749281+00:00,4c88c06a1f5f5b30eda08c794ac9dbd97ec5b1c0fc1469a76cea5f8333dc3ceb,https://www.racingpost.com/racecards/1212/ffos-las/2026-07-14/923075/
data/racing_post_account_raw/2026-07-14,006_racecards_1212_ffos_las_2026_07_14_923076_ff3173cc13a7.html,448173,2026-07-14T14:01:16.176239+00:00,56b0ee84bf9795a0c250c150114fde2fc1d79029613b3e3eae52fa0aa1d14e8b,https://www.racingpost.com/racecards/1212/ffos-las/2026-07-14/923076/
data/racing_post_account_raw/2026-07-14,007_racecards_179_downpatrick_2026_07_14_924645_3960d720e598.html,588096,2026-07-14T14:01:21.843660+00:00,00d2e00543bc6b700dad9f92da0a9406640c2a9e58792a44dde48393ac233f81,https://www.racingpost.com/racecards/179/downpatrick/2026-07-14/924645/
data/racing_post_account_raw/2026-07-14,008_racecards_179_downpatrick_2026_07_14_924646_b2612bce75d0.html,517089,2026-07-14T14:01:27.398546+00:00,1b4247c2ec59fee66d8577718ff7edd1a906f81f892256229f35dd07343f4212,https://www.racingpost.com/racecards/179/downpatrick/2026-07-14/924646/
data/racing_post_account_raw/2026-07-14,009_racecards_179_downpatrick_2026_07_14_924647_727cd6c503dc.html,789228,2026-07-14T14:01:33.572070+00:00,7585d25f5927f7ccaca2da83fa3b26603817511fffd13063db56154a842d516a,https://www.racingpost.com/racecards/179/downpatrick/2026-07-14/924647/
data/racing_post_account_raw/2026-07-14,010_racecards_179_downpatrick_2026_07_14_924648_df050e43f9fe.html,623639,2026-07-14T14:01:39.191068+00:00,ff33eb475525e6c2d4b8a3dfa9642468f267dcf543b49eeb8abd982b48f1f31b,https://www.racingpost.com/racecards/179/downpatrick/2026-07-14/924648/
data/racing_post_account_raw/2026-07-14,011_racecards_179_downpatrick_2026_07_14_924649_2372c0abac0f.html,474444,2026-07-14T14:01:44.646230+00:00,98cadfe274fd946be0061a29c58272e60042bcd675160e8a671b95d3e9d94b22,https://www.racingpost.com/racecards/179/downpatrick/2026-07-14/924649/
data/racing_post_account_raw/2026-07-14,012_racecards_179_downpatrick_2026_07_14_924650_713be546dc01.html,784866,2026-07-14T14:01:50.304937+00:00,d24819742f0e9579d8eb473f4c728ff58f7e46f10b4ed5332dad30b91127a5df,https://www.racingpost.com/racecards/179/downpatrick/2026-07-14/924650/
data/racing_post_account_raw/2026-07-14,013_racecards_179_downpatrick_2026_07_14_924651_1c999ccb80b3.html,570311,2026-07-14T14:01:56.366628+00:00,47bb2b658645f923fa0c340a4c6c576b1d81e848f4543978498c2954e6f0b288,https://www.racingpost.com/racecards/179/downpatrick/2026-07-14/924651/
data/racing_post_account_raw/2026-07-14,014_racecards_185_killarney_2026_07_14_924638_4e91e1bf8943.html,490984,2026-07-14T14:02:01.700352+00:00,2e73b51872cd8f70d6418720b410f983f94b8cfedd0cf828d6eed64a913f6a49,https://www.racingpost.com/racecards/185/killarney/2026-07-14/924638/
data/racing_post_account_raw/2026-07-14,015_racecards_185_killarney_2026_07_14_924639_169eac820453.html,524552,2026-07-14T14:02:07.627262+00:00,b80244a77815d9274c2958a7c795ee0259ef8715763a57265944b96f2d3975a2,https://www.racingpost.com/racecards/185/killarney/2026-07-14/924639/
data/racing_post_account_raw/2026-07-14,016_racecards_185_killarney_2026_07_14_924640_3f0641fdf1a0.html,684688,2026-07-14T14:02:13.083282+00:00,74776ca47f6e963d7905cd53804d2b0081ffe557d072cccb7b7e540834cdd668,https://www.racingpost.com/racecards/185/killarney/2026-07-14/924640/
data/racing_post_account_raw/2026-07-14,017_racecards_185_killarney_2026_07_14_924641_83deda6c1172.html,717995,2026-07-14T14:02:18.635572+00:00,2c324a0590ba74a74c224227b3062f5586d460da0009ce8b5e89c12e497af35d,https://www.racingpost.com/racecards/185/killarney/2026-07-14/924641/
data/racing_post_account_raw/2026-07-14,018_racecards_185_killarney_2026_07_14_924642_e3eef2e0e965.html,582032,2026-07-14T14:02:24.241199+00:00,adc8f455f2420c693b56455ce654623fbd237db93da5cc79c1ffe391fbeb94e6,https://www.racingpost.com/racecards/185/killarney/2026-07-14/924642/
data/racing_post_account_raw/2026-07-14,019_racecards_185_killarney_2026_07_14_924643_1239ece0ddad.html,531705,2026-07-14T14:02:30.241052+00:00,f0f5d39bf9ee6a30989b18c32509d774a0922ddd2508c8149623f5d12a6776b8,https://www.racingpost.com/racecards/185/killarney/2026-07-14/924643/
data/racing_post_account_raw/2026-07-14,020_racecards_185_killarney_2026_07_14_924644_2c0303740cbb.html,644877,2026-07-14T14:02:36.024364+00:00,c7de9e3561a21332bcc2fff1e9f5e71b15f2516eec0ef7625e5d30fbc20013ad,https://www.racingpost.com/racecards/185/killarney/2026-07-14/924644/
data/racing_post_account_raw/2026-07-14,021_racecards_30_leicester_2026_07_14_923077_d9989e7b8b24.html,447664,2026-07-14T14:02:41.382661+00:00,cfed0397932247c6bc557fca0afb55e6d91b5a656bcd59bd1d77565480c21744,https://www.racingpost.com/racecards/30/leicester/2026-07-14/923077/
data/racing_post_account_raw/2026-07-14,022_racecards_30_leicester_2026_07_14_923078_687954a91e83.html,447600,2026-07-14T14:02:46.564462+00:00,852fbfd8934f984e0033a71bf9822cc0991514161753174e369a8cf07c7c8b34,https://www.racingpost.com/racecards/30/leicester/2026-07-14/923078/
data/racing_post_account_raw/2026-07-14,023_racecards_30_leicester_2026_07_14_923079_f0516f0649d2.html,475486,2026-07-14T14:02:52.016043+00:00,cdb26b80dd77a5dc3766dc6c582158e9125619cad6b02a77558576d6b646e21a,https://www.racingpost.com/racecards/30/leicester/2026-07-14/923079/
data/racing_post_account_raw/2026-07-14,024_racecards_30_leicester_2026_07_14_923080_54b692943552.html,478133,2026-07-14T14:02:57.273304+00:00,966accf49a0097dd5c0176387e71389b486aa1840896bdf055ecb556c6eeb794,https://www.racingpost.com/racecards/30/leicester/2026-07-14/923080/
data/racing_post_account_raw/2026-07-14,025_racecards_30_leicester_2026_07_14_923081_3377614a812a.html,477341,2026-07-14T14:03:02.770599+00:00,504ee1807121d82adff692ed2c3f5bffa1645e49890024302e18aad18b69447f,https://www.racingpost.com/racecards/30/leicester/2026-07-14/923081/
data/racing_post_account_raw/2026-07-14,026_racecards_30_leicester_2026_07_14_923082_43da95f0512c.html,546319,2026-07-14T14:03:08.560380+00:00,2ee535761c13fff63160cfc8780ae6e4f734e70368b51db047d022383d7c1171,https://www.racingpost.com/racecards/30/leicester/2026-07-14/923082/
data/racing_post_account_raw/2026-07-14,027_racecards_30_leicester_2026_07_14_923083_584547c20fbd.html,614300,2026-07-14T14:03:14.588465+00:00,a45bd9e2eb40b935f986f7c40a79520a9b088c14fcb584f3c267c577ca727bf0,https://www.racingpost.com/racecards/30/leicester/2026-07-14/923083/
data/racing_post_account_raw/2026-07-14,028_racecards_513_wolverhampton_aw_2026_07_14_923383_be41dc5e142f.html,624479,2026-07-14T14:03:20.256978+00:00,c022e7c4ca88d0e58b25f369ee9378c291891f88ce8fa470e368e4b24640d7f8,https://www.racingpost.com/racecards/513/wolverhampton-aw/2026-07-14/923383/
data/racing_post_account_raw/2026-07-14,029_racecards_513_wolverhampton_aw_2026_07_14_923384_9a672ddd6de6.html,612110,2026-07-14T14:03:26.015244+00:00,dc3c4a306407de6a9eb6384a68860e5fdcb510c2857506172cf86ac7aa1530c9,https://www.racingpost.com/racecards/513/wolverhampton-aw/2026-07-14/923384/
data/racing_post_account_raw/2026-07-14,030_racecards_513_wolverhampton_aw_2026_07_14_923385_5a8e8ea02ee5.html,636545,2026-07-14T14:03:31.544713+00:00,27f62d73ebf7149d1c41fe53989fa300b249cd8f57fcd9a24471b64d0769411d,https://www.racingpost.com/racecards/513/wolverhampton-aw/2026-07-14/923385/
data/racing_post_account_raw/2026-07-14,031_racecards_513_wolverhampton_aw_2026_07_14_923386_1bd7594822c4.html,647556,2026-07-14T14:03:37.376812+00:00,c71ddd4818237ec3938bf0122e6ab59537548b83abfdca09d3bf1303bdd43163,https://www.racingpost.com/racecards/513/wolverhampton-aw/2026-07-14/923386/
data/racing_post_account_raw/2026-07-14,032_racecards_513_wolverhampton_aw_2026_07_14_923387_ec271fb87980.html,559108,2026-07-14T14:03:43.027483+00:00,0e6bd6a57da1996eabb3480f0bf3d3e240e431fdef135a35362e0d401adc8ac2,https://www.racingpost.com/racecards/513/wolverhampton-aw/2026-07-14/923387/
data/racing_post_account_raw/2026-07-14,033_racecards_513_wolverhampton_aw_2026_07_14_923388_774f25d26960.html,642555,2026-07-14T14:03:48.714580+00:00,93a737a2fcfc79d21117f51dacd2ff82495bc27beec6172ea00a17c18f7e7200,https://www.racingpost.com/racecards/513/wolverhampton-aw/2026-07-14/923388/
data/racing_post_account_raw/2026-07-14,034_racecards_513_wolverhampton_aw_2026_07_14_924699_898dc5a48ec1.html,611171,2026-07-14T14:03:54.072875+00:00,77ec26f10c93a9392f09577a19a8cb423480c6a3823495f7c1e72585e1508338,https://www.racingpost.com/racecards/513/wolverhampton-aw/2026-07-14/924699/
data/racing_post_account_raw/2026-07-14,035_racecards_6_beverley_2026_07_14_923065_85e8fb1516e7.html,421248,2026-07-14T14:03:59.275649+00:00,c236d8dba5bd4fa4e8b90ab11e2fab17510158b5cd76cab16be0a6ad38e1f7ba,https://www.racingpost.com/racecards/6/beverley/2026-07-14/923065/
data/racing_post_account_raw/2026-07-14,036_racecards_6_beverley_2026_07_14_923066_cff3cecf2efa.html,401856,2026-07-14T14:04:04.551676+00:00,d08c0b8b67977419b375ab0e5649f7b7e815997a622375031db3f9c490264cbb,https://www.racingpost.com/racecards/6/beverley/2026-07-14/923066/
data/racing_post_account_raw/2026-07-14,037_racecards_6_beverley_2026_07_14_923067_cf5806a508db.html,533584,2026-07-14T14:04:09.994119+00:00,e258800bfd8b7183bc0a383062c182a06b97962361c5ef253b2816315c958457,https://www.racingpost.com/racecards/6/beverley/2026-07-14/923067/
data/racing_post_account_raw/2026-07-14,038_racecards_6_beverley_2026_07_14_923068_bf22f7fdd61e.html,612727,2026-07-14T14:04:16.462403+00:00,ed2f675f6fb60443c1e7b00ebc1cb36bb7d950489ad02d23e0a39b1a3cb1f137,https://www.racingpost.com/racecards/6/beverley/2026-07-14/923068/
data/racing_post_account_raw/2026-07-14,039_racecards_6_beverley_2026_07_14_923069_acf7e4431412.html,560869,2026-07-14T14:04:22.133555+00:00,b759dbbc95e07d718a4c1cb7c1ce0a43979d47bc9cb5ac03a89eafbd565082be,https://www.racingpost.com/racecards/6/beverley/2026-07-14/923069/
data/racing_post_account_raw/2026-07-14,040_racecards_6_beverley_2026_07_14_923070_9aefa9ebf802.html,505023,2026-07-14T14:04:27.440564+00:00,6bb3ac86355cc9ccc4a1a26364a1d0b740fc4a7ec4edf824a12908460d686a26,https://www.racingpost.com/racecards/6/beverley/2026-07-14/923070/
data/racing_post_account_raw/2026-07-14,083719_racecard_index_f57f125057f8.html,313422,2026-07-14T08:37:19.816142+00:00,8539b6155b8bbd67725553ab40193ae56f2497c7a1ab60db1568bcc749fe9bd3,https://www.racingpost.com/racecards/
data/racing_post_account_raw/2026-07-14,140030_racecard_index_f57f125057f8.html,325645,2026-07-14T14:00:30.668649+00:00,bf4ae1dabe70b2f45c7d57eed055e403d92055230a9cc4274a6eadac208e24f3,https://www.racingpost.com/racecards/
data/racing_post_account_raw/rp-results-2026-07-14,001_results_1212_ffos_las_2026_07_14_923071_89967ca90da8.html,504189,2026-07-14T23:02:18.347003+00:00,f93f920a2be7204fe1fb28f0091a3ff6bb083d5101f2f352ab9a1ca1def79bd1,https://www.racingpost.com/results/1212/ffos-las/2026-07-14/923071
data/racing_post_account_raw/rp-results-2026-07-14,002_results_211_longchamp_2026_07_14_924691_bfdfdbeb00b1.html,468698,2026-07-14T23:02:29.443688+00:00,499d2fb9bf6a62e5cf14ae1861d0db819fe9a571b608bfe129cef95203396b24,https://www.racingpost.com/results/211/longchamp/2026-07-14/924691
data/racing_post_account_raw/rp-results-2026-07-14,003_results_1212_ffos_las_2026_07_14_923072_8d996b0dac04.html,482220,2026-07-14T23:02:40.613300+00:00,fac7815c7fcd510d090bd14a1a26f2ee01b6f6b25e78e3e437d846c64979bb32,https://www.racingpost.com/results/1212/ffos-las/2026-07-14/923072
data/racing_post_account_raw/rp-results-2026-07-14,004_results_211_longchamp_2026_07_14_924692_7723ada0a72d.html,490243,2026-07-14T23:02:51.900623+00:00,1cf115fe8969ea26aa6d3b41bf5ac92d0401bb9d5601d922672ecf732ca3a0dc,https://www.racingpost.com/results/211/longchamp/2026-07-14/924692
data/racing_post_account_raw/rp-results-2026-07-14,005_results_1212_ffos_las_2026_07_14_923073_5cdcbd5605ff.html,529180,2026-07-14T23:03:03.233967+00:00,689b23929b48472fe85d1819a2b667ffb36cfefff07f7a7478e3c89d57961d7b,https://www.racingpost.com/results/1212/ffos-las/2026-07-14/923073
data/racing_post_account_raw/rp-results-2026-07-14,006_results_211_longchamp_2026_07_14_924693_67336a068790.html,480194,2026-07-14T23:03:14.793748+00:00,17a6f512f23aa28ad8498e2d72734fe4b8ca26541231b982d9c49ad23ead953d,https://www.racingpost.com/results/211/longchamp/2026-07-14/924693
data/racing_post_account_raw/rp-results-2026-07-14,007_results_1212_ffos_las_2026_07_14_923074_558d262d38b2.html,473366,2026-07-14T23:03:26.043580+00:00,d05bdac9dd6b17895bcd9bc8072d392f89fdf4296e2361d3c9282ee4b15870aa,https://www.racingpost.com/results/1212/ffos-las/2026-07-14/923074
data/racing_post_account_raw/rp-results-2026-07-14,008_results_1212_ffos_las_2026_07_14_923075_0d634b00efc0.html,529518,2026-07-14T23:03:37.365236+00:00,9acae172c7ca53b74a24fc390aed01965e28f18d6dd10fcb47217ac7dd38abb1,https://www.racingpost.com/results/1212/ffos-las/2026-07-14/923075
data/racing_post_account_raw/rp-results-2026-07-14,009_results_1212_ffos_las_2026_07_14_923076_2e20f41f2a36.html,483293,2026-07-14T23:03:48.645625+00:00,4511ac00118824ea0ebcb8c95fd75cf90403056fe13b43ff3117217b26d39358,https://www.racingpost.com/results/1212/ffos-las/2026-07-14/923076
data/racing_post_account_raw/rp-results-2026-07-14,010_results_179_downpatrick_2026_07_14_924645_cd2b11a44936.html,553431,2026-07-14T23:03:59.930617+00:00,065ee7e91dca9df2ca25c2257384c7c6c5883c59050da1f6e5bb391439354278,https://www.racingpost.com/results/179/downpatrick/2026-07-14/924645
data/racing_post_account_raw/rp-results-2026-07-14,011_results_179_downpatrick_2026_07_14_924646_119cc5b39bfe.html,528845,2026-07-14T23:04:11.232381+00:00,ab0e6af41c910ef28f6352be20c35c38b0fe49d7d4e7d6c4f60552ad1e84e228,https://www.racingpost.com/results/179/downpatrick/2026-07-14/924646
data/racing_post_account_raw/rp-results-2026-07-14,012_results_179_downpatrick_2026_07_14_924647_19fecd38a947.html,598786,2026-07-14T23:04:22.590442+00:00,bff42bbb3ef5d8bdfcb73e4b8f2c5147e7c995ae6454743c32a33c32698e3033,https://www.racingpost.com/results/179/downpatrick/2026-07-14/924647
data/racing_post_account_raw/rp-results-2026-07-14,013_results_179_downpatrick_2026_07_14_924648_4b616691ab46.html,561983,2026-07-14T23:04:33.944790+00:00,c4625736bd5046aa369c8cfde739130e18ca3acbde57b3fd92787b05d962d431,https://www.racingpost.com/results/179/downpatrick/2026-07-14/924648
data/racing_post_account_raw/rp-results-2026-07-14,014_results_179_downpatrick_2026_07_14_924649_33b4f1d1de9d.html,495154,2026-07-14T23:04:45.391899+00:00,666b18ce3b65e6a16a3dbe3e2a3e0c72c79b4558090d6daf5e63bdea02d4af3d,https://www.racingpost.com/results/179/downpatrick/2026-07-14/924649
data/racing_post_account_raw/rp-results-2026-07-14,015_results_179_downpatrick_2026_07_14_924650_071e5d2366b9.html,576635,2026-07-14T23:04:56.848803+00:00,6a028675eb595274276f8bedcf874d527cae8c6a40deb440a8775d8a15ab2bc1,https://www.racingpost.com/results/179/downpatrick/2026-07-14/924650
data/racing_post_account_raw/rp-results-2026-07-14,016_results_179_downpatrick_2026_07_14_924651_5913c9be9ed4.html,540998,2026-07-14T23:05:08.123935+00:00,dc2c7d5d860f7789788aaae39c924a657e79749f0ae8fdc2dc55eaed01bd0b38,https://www.racingpost.com/results/179/downpatrick/2026-07-14/924651
data/racing_post_account_raw/rp-results-2026-07-14,017_results_185_killarney_2026_07_14_924638_9267c38c515a.html,483632,2026-07-14T23:05:19.671420+00:00,88c5e9776db9e122875d8a2c5db619216e2a5c7157bef8f111dc4260d9fb9693,https://www.racingpost.com/results/185/killarney/2026-07-14/924638
data/racing_post_account_raw/rp-results-2026-07-14,018_results_185_killarney_2026_07_14_924639_6ed98be44254.html,507317,2026-07-14T23:05:30.880971+00:00,591ec268a8125cbc1eb235d28e1df933cdf8131cb29dcb820e249574066945f4,https://www.racingpost.com/results/185/killarney/2026-07-14/924639
data/racing_post_account_raw/rp-results-2026-07-14,019_results_185_killarney_2026_07_14_924640_75d9e162a6cd.html,563391,2026-07-14T23:05:42.277110+00:00,d06c09217990d61b98e2f513f5b653ca8912efb6ff6481fd028a572711607ae3,https://www.racingpost.com/results/185/killarney/2026-07-14/924640
data/racing_post_account_raw/rp-results-2026-07-14,020_results_185_killarney_2026_07_14_924641_bf00ddb3fb33.html,587237,2026-07-14T23:05:53.641148+00:00,6ea7b15fdd349052bb84b55b8be76d9c2c8ac4a2ce2ff0ea6d51160ad9427a44,https://www.racingpost.com/results/185/killarney/2026-07-14/924641
data/racing_post_account_raw/rp-results-2026-07-14,021_results_185_killarney_2026_07_14_924642_217f41e3eb4c.html,529697,2026-07-14T23:06:05.010979+00:00,ad2573a27be1d04d0ab4e32d9fd84d9b66cd86110e16d27bba33a212942fd00d,https://www.racingpost.com/results/185/killarney/2026-07-14/924642
data/racing_post_account_raw/rp-results-2026-07-14,022_results_185_killarney_2026_07_14_924643_bff1e5b62a36.html,507806,2026-07-14T23:06:16.323182+00:00,2ca5de4be5721e02d5f9a3316b5595111c83752d47fd271a4962b3ee6a101b63,https://www.racingpost.com/results/185/killarney/2026-07-14/924643
data/racing_post_account_raw/rp-results-2026-07-14,023_results_185_killarney_2026_07_14_924644_fb8a09fab686.html,564283,2026-07-14T23:06:27.778559+00:00,d0964d7c63b50a18793f630a6ad7706ec307fe78e99f38224ab033a623d6f2fa,https://www.racingpost.com/results/185/killarney/2026-07-14/924644
data/racing_post_account_raw/rp-results-2026-07-14,024_results_30_leicester_2026_07_14_923077_a7d7274f9e38.html,494314,2026-07-14T23:06:39.388777+00:00,7877feb43fc5f14471d2f8b27d0552629e829afa4120bd2af1449a4be4081fa9,https://www.racingpost.com/results/30/leicester/2026-07-14/923077
data/racing_post_account_raw/rp-results-2026-07-14,025_results_30_leicester_2026_07_14_923078_372a98ea1ecf.html,472504,2026-07-14T23:06:50.643841+00:00,05a794a524bad076e0f08339dd5afbf23c1266b7ee6b05136dcc5d9d0aec9dc9,https://www.racingpost.com/results/30/leicester/2026-07-14/923078
data/racing_post_account_raw/rp-results-2026-07-14,026_results_30_leicester_2026_07_14_923079_5abaae6fd484.html,495387,2026-07-14T23:07:01.788904+00:00,770bc63582785b60b558c276b1b60a995526125f163c4bfa002d9a2be2aee7c2,https://www.racingpost.com/results/30/leicester/2026-07-14/923079
data/racing_post_account_raw/rp-results-2026-07-14,027_results_30_leicester_2026_07_14_923080_7fd93f069dd6.html,495668,2026-07-14T23:07:12.978287+00:00,24bda048433529b7578bcae1784be62058b8f1ad7a7eab4f1b730b447b131425,https://www.racingpost.com/results/30/leicester/2026-07-14/923080
data/racing_post_account_raw/rp-results-2026-07-14,028_results_30_leicester_2026_07_14_923081_3afa8a62d437.html,494213,2026-07-14T23:07:24.093172+00:00,2229f017484bbd41a24fc3b616429e4adbe3eb9da008162d239669fef2e8b119,https://www.racingpost.com/results/30/leicester/2026-07-14/923081
data/racing_post_account_raw/rp-results-2026-07-14,029_results_30_leicester_2026_07_14_923082_00971638bb7a.html,541498,2026-07-14T23:07:35.303118+00:00,0646902ad00a19d50ae54bbc9ffa05c6bd35fed85df360c5d5c31b4a2d60927b,https://www.racingpost.com/results/30/leicester/2026-07-14/923082
data/racing_post_account_raw/rp-results-2026-07-14,030_results_30_leicester_2026_07_14_923083_217f9b5a8e4e.html,553644,2026-07-14T23:07:55.254486+00:00,47d4208cb01b057722f32d9fd8744cf7a846bcb23e78cdcee36c04deeb195730,https://www.racingpost.com/results/30/leicester/2026-07-14/923083
data/racing_post_account_raw/rp-results-2026-07-14,031_results_513_wolverhampton_aw_2026_07_14_923383_371717dcfa9d.html,560096,2026-07-14T23:08:06.558747+00:00,26674f35032670171124e6a0b65329201c357f7deac4b219638639529f374cd7,https://www.racingpost.com/results/513/wolverhampton-aw/2026-07-14/923383
data/racing_post_account_raw/rp-results-2026-07-14,032_results_513_wolverhampton_aw_2026_07_14_923384_4bbbb5163e5c.html,542579,2026-07-14T23:08:17.913959+00:00,eef022e86d8c7a365e26959575dd8159aeeb11fdb8364a4f5f6c59b08a6677cb,https://www.racingpost.com/results/513/wolverhampton-aw/2026-07-14/923384
data/racing_post_account_raw/rp-results-2026-07-14,033_results_513_wolverhampton_aw_2026_07_14_923385_2f425c470bc2.html,541169,2026-07-14T23:08:29.233557+00:00,1a213b83369007082ed1a728399ede2a96f4e0d8156c58aa1f630279cb3760fb,https://www.racingpost.com/results/513/wolverhampton-aw/2026-07-14/923385
data/racing_post_account_raw/rp-results-2026-07-14,034_results_513_wolverhampton_aw_2026_07_14_923386_db3b1fcc4182.html,540010,2026-07-14T23:08:40.577632+00:00,6661f2172214e1c15a8e842ce97e2889fafa528cfcf733a953e29ece4c0e294b,https://www.racingpost.com/results/513/wolverhampton-aw/2026-07-14/923386
data/racing_post_account_raw/rp-results-2026-07-14,035_results_513_wolverhampton_aw_2026_07_14_923387_6f1144c1d22c.html,530235,2026-07-14T23:08:51.805766+00:00,d3caff086aaa6e1a58d45138f1a00595744198c40428549f361bc213efabfe8a,https://www.racingpost.com/results/513/wolverhampton-aw/2026-07-14/923387
data/racing_post_account_raw/rp-results-2026-07-14,036_results_513_wolverhampton_aw_2026_07_14_923388_5326ad89c63d.html,541884,2026-07-14T23:09:03.121921+00:00,d122cefced56f6e83f02e3de30f8cbd0e81f93233f2280053db1f977ddfd6db4,https://www.racingpost.com/results/513/wolverhampton-aw/2026-07-14/923388
data/racing_post_account_raw/rp-results-2026-07-14,037_results_513_wolverhampton_aw_2026_07_14_924699_8b579f4d0666.html,530224,2026-07-14T23:09:14.289598+00:00,36f10d162672423e0bc7a6b4e36338e7930ca652147dc8760e5d8bd58986cb28,https://www.racingpost.com/results/513/wolverhampton-aw/2026-07-14/924699
data/racing_post_account_raw/rp-results-2026-07-14,038_results_6_beverley_2026_07_14_923065_f1a567e1f8de.html,470941,2026-07-14T23:09:25.457704+00:00,13061df041886fd8654a59b3ce0254d8dbcea0fb1101c0a38671ec5c45fd148f,https://www.racingpost.com/results/6/beverley/2026-07-14/923065
data/racing_post_account_raw/rp-results-2026-07-14,039_results_6_beverley_2026_07_14_923066_dd5fb2925f3a.html,470531,2026-07-14T23:09:36.600517+00:00,6cdc735c8d84d2d91ea9f40a3943a0f0692b44105b2204934778a1719837289c,https://www.racingpost.com/results/6/beverley/2026-07-14/923066
data/racing_post_account_raw/rp-results-2026-07-14,040_results_6_beverley_2026_07_14_923067_02729ebeaf43.html,518062,2026-07-14T23:09:47.800533+00:00,656a96c33131182a24296cdbbed4c4cc3e1274321153a03519bdd46b401df5a7,https://www.racingpost.com/results/6/beverley/2026-07-14/923067
data/racing_post_account_raw/rp-results-2026-07-14,041_results_6_beverley_2026_07_14_923068_d90a4d40a915.html,541011,2026-07-14T23:09:59.061471+00:00,c02b9d64cee1bd70bb0b578494db11328f2e7d46a2b53d334033ad040b96bec1,https://www.racingpost.com/results/6/beverley/2026-07-14/923068
data/racing_post_account_raw/rp-results-2026-07-14,042_results_6_beverley_2026_07_14_923069_1198c3056893.html,530049,2026-07-14T23:10:10.370375+00:00,697c4c5f9b15fc49537c500c256b841715ae9019e7bf987745af75c0cf0759bd,https://www.racingpost.com/results/6/beverley/2026-07-14/923069
data/racing_post_account_raw/rp-results-2026-07-14,043_results_6_beverley_2026_07_14_923070_f165fd88d98e.html,517334,2026-07-14T23:10:21.597782+00:00,82c94e7f892d24fd0bacb35a5c80695e5a7f6b9d29da1f60732283134a68f209,https://www.racingpost.com/results/6/beverley/2026-07-14/923070
