horse,leakage_status
Correspondence,RETROSPECTIVE_SIGNAL_TEST_WITH_LEAKAGE_RISK
Lady Blanche,RETROSPECTIVE_SIGNAL_TEST_WITH_LEAKAGE_RISK
Connie's Rose,RETROSPECTIVE_SIGNAL_TEST_WITH_LEAKAGE_RISK
Endofastorm,RETROSPECTIVE_SIGNAL_TEST_WITH_LEAKAGE_RISK
My Ambition,RETROSPECTIVE_SIGNAL_TEST_WITH_LEAKAGE_RISK
Dash Of Class,RETROSPECTIVE_SIGNAL_TEST_WITH_LEAKAGE_RISK
Havana Club,RETROSPECTIVE_SIGNAL_TEST_WITH_LEAKAGE_RISK
Clipsham Noble,RETROSPECTIVE_SIGNAL_TEST_WITH_LEAKAGE_RISK
Hickory Lad,RETROSPECTIVE_SIGNAL_TEST_WITH_LEAKAGE_RISK
Pivotal Terms,RETROSPECTIVE_SIGNAL_TEST_WITH_LEAKAGE_RISK
Falaise Blanc,RETROSPECTIVE_SIGNAL_TEST_WITH_LEAKAGE_RISK
Knicks,RETROSPECTIVE_SIGNAL_TEST_WITH_LEAKAGE_RISK
Penny Mountain,RETROSPECTIVE_SIGNAL_TEST_WITH_LEAKAGE_RISK
Alpine Sierra,RETROSPECTIVE_SIGNAL_TEST_WITH_LEAKAGE_RISK
War Memorial,RETROSPECTIVE_SIGNAL_TEST_WITH_LEAKAGE_RISK
Or Another,RETROSPECTIVE_SIGNAL_TEST_WITH_LEAKAGE_RISK
Infraad,RETROSPECTIVE_SIGNAL_TEST_WITH_LEAKAGE_RISK
Invincible Crown,RETROSPECTIVE_SIGNAL_TEST_WITH_LEAKAGE_RISK
Leadenhall,RETROSPECTIVE_SIGNAL_TEST_WITH_LEAKAGE_RISK
Modern Times,RETROSPECTIVE_SIGNAL_TEST_WITH_LEAKAGE_RISK
Dubawi Time,RETROSPECTIVE_SIGNAL_TEST_WITH_LEAKAGE_RISK
Volenti,RETROSPECTIVE_SIGNAL_TEST_WITH_LEAKAGE_RISK
Dollar's Dream,RETROSPECTIVE_SIGNAL_TEST_WITH_LEAKAGE_RISK
Bellatina,RETROSPECTIVE_SIGNAL_TEST_WITH_LEAKAGE_RISK
Magician Of Riga,RETROSPECTIVE_SIGNAL_TEST_WITH_LEAKAGE_RISK
Dream Illusion,RETROSPECTIVE_SIGNAL_TEST_WITH_LEAKAGE_RISK
Ring Of Gold,RETROSPECTIVE_SIGNAL_TEST_WITH_LEAKAGE_RISK
Timely Affair,RETROSPECTIVE_SIGNAL_TEST_WITH_LEAKAGE_RISK
Gold Star Gazing,RETROSPECTIVE_SIGNAL_TEST_WITH_LEAKAGE_RISK
Fan Mail,RETROSPECTIVE_SIGNAL_TEST_WITH_LEAKAGE_RISK
Aurea Fortuna,RETROSPECTIVE_SIGNAL_TEST_WITH_LEAKAGE_RISK
Simply Natural,RETROSPECTIVE_SIGNAL_TEST_WITH_LEAKAGE_RISK
Bunting,RETROSPECTIVE_SIGNAL_TEST_WITH_LEAKAGE_RISK
Zanoosh,RETROSPECTIVE_SIGNAL_TEST_WITH_LEAKAGE_RISK
The Mourne Rambler,RETROSPECTIVE_SIGNAL_TEST_WITH_LEAKAGE_RISK
Kilbarry Saint,RETROSPECTIVE_SIGNAL_TEST_WITH_LEAKAGE_RISK
Gaelic Warrior,RETROSPECTIVE_SIGNAL_TEST_WITH_LEAKAGE_RISK
Kiltybo,RETROSPECTIVE_SIGNAL_TEST_WITH_LEAKAGE_RISK
Adaay Of Scarlett,RETROSPECTIVE_SIGNAL_TEST_WITH_LEAKAGE_RISK
Sweet William,RETROSPECTIVE_SIGNAL_TEST_WITH_LEAKAGE_RISK
Brussels,RETROSPECTIVE_SIGNAL_TEST_WITH_LEAKAGE_RISK
Jonquil,RETROSPECTIVE_SIGNAL_TEST_WITH_LEAKAGE_RISK
Existent,RETROSPECTIVE_SIGNAL_TEST_WITH_LEAKAGE_RISK
So Regal,RETROSPECTIVE_SIGNAL_TEST_WITH_LEAKAGE_RISK
Joolianoss,RETROSPECTIVE_SIGNAL_TEST_WITH_LEAKAGE_RISK
Harry Knows,RETROSPECTIVE_SIGNAL_TEST_WITH_LEAKAGE_RISK
Pacific Avenue,RETROSPECTIVE_SIGNAL_TEST_WITH_LEAKAGE_RISK
Rhythm N Hooves,RETROSPECTIVE_SIGNAL_TEST_WITH_LEAKAGE_RISK
Crepe Suzette,RETROSPECTIVE_SIGNAL_TEST_WITH_LEAKAGE_RISK
Kiss And Run,RETROSPECTIVE_SIGNAL_TEST_WITH_LEAKAGE_RISK
