race_id,horse,improvement_score,market_deception_score,place_prob,verdict_flags
rp_CUR_20260524_1.45,Sun Goddess,0.0872,0.0986,0.6348,"['policy:current', 'profile:SQPE_IMPROVEMENT_MDS_V1', 'g_threshold:0.60', 'g_lay_the_story_weak:0.00x', 'g_shadow_tracking_weak:0.06x', 'g_shadow:applied_not_live', 'mode:FULL_MINUS_DEAD', 'field_killed:improvement_score']"
rp_CUR_20260524_2.15,Great Barrier Reef,0.0872,0.1263,0.7481,"['policy:current', 'profile:SQPE_IMPROVEMENT_MDS_V1', 'g_threshold:0.60', 'g_lay_the_story_weak:0.00x', 'g_shadow_tracking_weak:0.06x', 'g_shadow:applied_not_live', 'mode:FULL_MINUS_DEAD', 'field_killed:improvement_score']"
rp_CUR_20260524_2.45,Punica Granatum,0.0872,0.0108,0.2219,"['policy:current', 'profile:SQPE_IMPROVEMENT_MDS_V1', 'g_threshold:0.60', 'g_lay_the_story_weak:0.00x', 'g_shadow_tracking_weak:0.06x', 'g_shadow:applied_not_live', 'mode:FULL_MINUS_DEAD', 'field_killed:improvement_score']"
rp_CUR_20260524_3.20,Jancis,0.0872,0.0254,0.4114,"['policy:current', 'profile:SQPE_IMPROVEMENT_MDS_V1', 'g_threshold:0.60', 'g_lay_the_story_weak:0.00x', 'g_shadow_tracking_weak:0.06x', 'g_shadow:applied_not_live', 'mode:FULL_MINUS_DEAD', 'field_killed:improvement_score']"
rp_CUR_20260524_3.55,Saddadd,0.0872,0.0164,0.4051,"['policy:current', 'profile:SQPE_IMPROVEMENT_MDS_V1', 'g_threshold:0.60', 'g_lay_the_story_weak:0.00x', 'g_shadow_tracking_weak:0.06x', 'g_shadow:applied_not_live', 'mode:FULL_MINUS_DEAD', 'field_killed:improvement_score']"
rp_CUR_20260524_4.30,True Love,0.0872,0.1481,0.6726,"['policy:current', 'profile:SQPE_IMPROVEMENT_MDS_V1', 'g_threshold:0.60', 'g_lay_the_story_weak:0.00x', 'g_shadow_tracking_weak:0.06x', 'g_shadow:applied_not_live', 'mode:FULL_MINUS_DEAD', 'field_killed:improvement_score']"
rp_CUR_20260524_5.05,Spanish Temptress,0.0872,0.0331,0.4298,"['policy:current', 'profile:SQPE_IMPROVEMENT_MDS_V1', 'g_threshold:0.60', 'g_lay_the_story_weak:0.00x', 'g_shadow_tracking_weak:0.06x', 'g_shadow:applied_not_live', 'mode:FULL_MINUS_DEAD', 'field_killed:improvement_score']"
rp_CUR_20260524_5.40,Reverend Hubert,0.0872,0.0183,0.2004,"['policy:current', 'profile:SQPE_IMPROVEMENT_MDS_V1', 'g_threshold:0.60', 'g_lay_the_story_weak:0.00x', 'g_shadow_tracking_weak:0.06x', 'g_shadow:applied_not_live', 'mode:FULL_MINUS_DEAD', 'field_killed:improvement_score']"
rp_FON_20260524_2.00,Handmedownastar,0.0872,0.1277,0.7481,"['policy:current', 'profile:SQPE_IMPROVEMENT_MDS_V1', 'g_threshold:0.60', 'g_lay_the_story_weak:0.00x', 'g_shadow_tracking_weak:0.06x', 'g_shadow:applied_not_live', 'mode:FULL_MINUS_DEAD', 'field_killed:improvement_score']"
rp_FON_20260524_2.35,Hiero Sport,0.0872,0.0403,0.6635,"['policy:current', 'profile:SQPE_IMPROVEMENT_MDS_V1', 'g_threshold:0.60', 'g_lay_the_story_weak:0.00x', 'g_shadow_tracking_weak:0.06x', 'g_shadow:applied_not_live', 'mode:FULL_MINUS_DEAD', 'field_killed:improvement_score']"
rp_FON_20260524_3.10,Gata Ban,0.0872,0.0537,0.6697,"['policy:current', 'profile:SQPE_IMPROVEMENT_MDS_V1', 'g_threshold:0.60', 'g_lay_the_story_weak:0.00x', 'g_shadow_tracking_weak:0.06x', 'g_shadow:applied_not_live', 'mode:FULL_MINUS_DEAD', 'field_killed:improvement_score']"
rp_FON_20260524_3.45,Miss Goldfire,0.0872,0.1111,0.8893,"['policy:current', 'profile:SQPE_IMPROVEMENT_MDS_V1', 'g_threshold:0.60', 'g_lay_the_story_weak:0.00x', 'g_shadow_tracking_weak:0.06x', 'g_shadow:applied_not_live', 'mode:FULL_MINUS_DEAD', 'field_killed:improvement_score']"
rp_FON_20260524_4.20,Cinderello,0.0872,0.082,0.7583,"['policy:current', 'profile:SQPE_IMPROVEMENT_MDS_V1', 'g_threshold:0.60', 'g_lay_the_story_weak:0.00x', 'g_shadow_tracking_weak:0.06x', 'g_shadow:applied_not_live', 'mode:FULL_MINUS_DEAD', 'field_killed:improvement_score']"
rp_FON_20260524_4.55,Lunar Ocean,0.0872,0.0575,0.771,"['policy:current', 'profile:SQPE_IMPROVEMENT_MDS_V1', 'g_threshold:0.60', 'g_lay_the_story_weak:0.00x', 'g_shadow_tracking_weak:0.06x', 'g_shadow:applied_not_live', 'mode:FULL_MINUS_DEAD', 'field_killed:improvement_score']"
rp_FON_20260524_5.30,La Dame Ecarlate,0.0872,0.1056,0.5997,"['policy:current', 'profile:SQPE_IMPROVEMENT_MDS_V1', 'g_threshold:0.60', 'g_lay_the_story_weak:0.00x', 'g_shadow_tracking_weak:0.06x', 'g_shadow:applied_not_live', 'mode:FULL_MINUS_DEAD', 'field_killed:improvement_score']"
rp_KEL_20260524_2.28,Chemistry,0.0872,0.1481,0.704,"['policy:current', 'profile:SQPE_IMPROVEMENT_MDS_V1', 'g_threshold:0.60', 'g_lay_the_story_weak:0.00x', 'g_shadow_tracking_weak:0.06x', 'g_shadow:applied_not_live', 'mode:FULL_MINUS_DEAD', 'field_killed:improvement_score']"
rp_KEL_20260524_3.03,The Kemble Brewery,0.0872,0.1083,0.9176,"['policy:current', 'profile:SQPE_IMPROVEMENT_MDS_V1', 'g_threshold:0.60', 'g_lay_the_story_weak:0.00x', 'g_shadow_tracking_weak:0.06x', 'g_shadow:applied_not_live', 'mode:FULL_MINUS_DEAD', 'field_killed:improvement_score']"
rp_KEL_20260524_3.37,Stylish Recruit,0.0872,0.0256,0.3654,"['policy:current', 'profile:SQPE_IMPROVEMENT_MDS_V1', 'g_threshold:0.60', 'g_lay_the_story_weak:0.00x', 'g_shadow_tracking_weak:0.06x', 'g_shadow:applied_not_live', 'mode:FULL_MINUS_DEAD', 'field_killed:improvement_score']"
rp_KEL_20260524_4.12,Dunkerque,0.0872,0.0717,0.771,"['policy:current', 'profile:SQPE_IMPROVEMENT_MDS_V1', 'g_threshold:0.60', 'g_lay_the_story_weak:0.00x', 'g_shadow_tracking_weak:0.06x', 'g_shadow:applied_not_live', 'mode:FULL_MINUS_DEAD', 'field_killed:improvement_score']"
rp_KEL_20260524_4.47,Defying Gravity,0.0872,0.0768,0.8626,"['policy:current', 'profile:SQPE_IMPROVEMENT_MDS_V1', 'g_threshold:0.60', 'g_lay_the_story_weak:0.00x', 'g_shadow_tracking_weak:0.06x', 'g_shadow:applied_not_live', 'mode:FULL_MINUS_DEAD', 'field_killed:improvement_score']"
rp_KEL_20260524_5.22,Double Digits,0.0872,0.053,0.5651,"['policy:current', 'profile:SQPE_IMPROVEMENT_MDS_V1', 'g_threshold:0.60', 'g_lay_the_story_weak:0.00x', 'g_shadow_tracking_weak:0.06x', 'g_shadow:applied_not_live', 'mode:FULL_MINUS_DEAD', 'field_killed:improvement_score']"
rp_KEL_20260524_5.57,Susie Q,0.0872,0.0109,0.3836,"['policy:current', 'profile:SQPE_IMPROVEMENT_MDS_V1', 'g_threshold:0.60', 'g_lay_the_story_weak:0.00x', 'g_shadow_tracking_weak:0.06x', 'g_shadow:applied_not_live', 'mode:FULL_MINUS_DEAD', 'field_killed:improvement_score']"
rp_UTT_20260524_2.22,Davita Blaze,0.0872,0.011,0.3382,"['policy:current', 'profile:SQPE_IMPROVEMENT_MDS_V1', 'g_threshold:0.60', 'g_lay_the_story_weak:0.00x', 'g_shadow_tracking_weak:0.06x', 'g_shadow:applied_not_live', 'mode:FULL_MINUS_DEAD', 'field_killed:improvement_score']"
rp_UTT_20260524_2.52,Galway Reel,0.0872,0.134,0.9119,"['policy:current', 'profile:SQPE_IMPROVEMENT_MDS_V1', 'g_threshold:0.60', 'g_lay_the_story_weak:0.00x', 'g_shadow_tracking_weak:0.06x', 'g_shadow:applied_not_live', 'mode:FULL_MINUS_DEAD', 'field_killed:improvement_score']"
rp_UTT_20260524_3.28,Sir Galahad,0.0872,0.0229,0.3927,"['policy:current', 'profile:SQPE_IMPROVEMENT_MDS_V1', 'g_threshold:0.60', 'g_lay_the_story_weak:0.00x', 'g_shadow_tracking_weak:0.06x', 'g_shadow:applied_not_live', 'mode:FULL_MINUS_DEAD', 'field_killed:improvement_score']"
rp_UTT_20260524_4.03,American Mike,0.0872,0.1258,0.7313,"['policy:current', 'profile:SQPE_IMPROVEMENT_MDS_V1', 'g_threshold:0.60', 'g_lay_the_story_weak:0.00x', 'g_shadow_tracking_weak:0.06x', 'g_shadow:applied_not_live', 'mode:FULL_MINUS_DEAD', 'field_killed:improvement_score']"
rp_UTT_20260524_4.37,Telhimlisten,0.0872,0.1094,0.7261,"['policy:current', 'profile:SQPE_IMPROVEMENT_MDS_V1', 'g_threshold:0.60', 'g_lay_the_story_weak:0.00x', 'g_shadow_tracking_weak:0.06x', 'g_shadow:applied_not_live', 'mode:FULL_MINUS_DEAD', 'field_killed:improvement_score']"
rp_UTT_20260524_5.12,Scottish King,0.0872,0.0356,0.5192,"['policy:current', 'profile:SQPE_IMPROVEMENT_MDS_V1', 'g_threshold:0.60', 'g_lay_the_story_weak:0.00x', 'g_shadow_tracking_weak:0.06x', 'g_shadow:applied_not_live', 'mode:FULL_MINUS_DEAD', 'field_killed:improvement_score']"
rp_UTT_20260524_5.47,Blinded By Grace,0.0872,0.0302,0.6288,"['policy:current', 'profile:SQPE_IMPROVEMENT_MDS_V1', 'g_threshold:0.60', 'g_lay_the_story_weak:0.00x', 'g_shadow_tracking_weak:0.06x', 'g_shadow:applied_not_live', 'mode:FULL_MINUS_DEAD', 'field_killed:improvement_score']"
